[debug] [2026-07-24T22:50:26.248Z] ----------------------------------------------------------------------
[debug] [2026-07-24T22:50:26.255Z] Command:       C:\Program Files\nodejs\node.exe C:\Users\pacoi\AppData\Roaming\npm\node_modules\firebase-tools\lib\bin\firebase.js deploy --only functions
[debug] [2026-07-24T22:50:26.256Z] CLI Version:   15.16.0
[debug] [2026-07-24T22:50:26.256Z] Platform:      win32
[debug] [2026-07-24T22:50:26.257Z] Node Version:  v24.13.0
[debug] [2026-07-24T22:50:26.257Z] Time:          Fri Jul 24 2026 16:50:26 GMT-0600 (hora estándar central)
[debug] [2026-07-24T22:50:26.257Z] ----------------------------------------------------------------------
[debug] 
[debug] [2026-07-24T22:50:32.645Z] > command requires scopes: ["email","openid","https://www.googleapis.com/auth/cloudplatformprojects.readonly","https://www.googleapis.com/auth/firebase","https://www.googleapis.com/auth/cloud-platform"]
[debug] [2026-07-24T22:50:32.646Z] > authorizing via signed-in user (paco@cobertores.com)
[debug] [2026-07-24T22:50:32.646Z] [iam] checking project cobertores-web for permissions ["cloudfunctions.functions.create","cloudfunctions.functions.delete","cloudfunctions.functions.get","cloudfunctions.functions.list","cloudfunctions.functions.update","cloudfunctions.operations.get","firebase.projects.get"]
[debug] [2026-07-24T22:50:32.650Z] Checked if tokens are valid: true, expires at: 1784935964198
[debug] [2026-07-24T22:50:32.650Z] Checked if tokens are valid: true, expires at: 1784935964198
[debug] [2026-07-24T22:50:32.653Z] >>> [apiv2][query] POST https://cloudresourcemanager.googleapis.com/v1/projects/cobertores-web:testIamPermissions [none]
[debug] [2026-07-24T22:50:32.653Z] >>> [apiv2][(partial)header] POST https://cloudresourcemanager.googleapis.com/v1/projects/cobertores-web:testIamPermissions  x-goog-user-project=cobertores-web
[debug] [2026-07-24T22:50:32.654Z] >>> [apiv2][body] POST https://cloudresourcemanager.googleapis.com/v1/projects/cobertores-web:testIamPermissions {"permissions":["cloudfunctions.functions.create","cloudfunctions.functions.delete","cloudfunctions.functions.get","cloudfunctions.functions.list","cloudfunctions.functions.update","cloudfunctions.operations.get","firebase.projects.get"]}
[debug] [2026-07-24T22:50:33.345Z] <<< [apiv2][status] POST https://cloudresourcemanager.googleapis.com/v1/projects/cobertores-web:testIamPermissions 200
[debug] [2026-07-24T22:50:33.345Z] <<< [apiv2][body] POST https://cloudresourcemanager.googleapis.com/v1/projects/cobertores-web:testIamPermissions {"permissions":["cloudfunctions.functions.create","cloudfunctions.functions.delete","cloudfunctions.functions.get","cloudfunctions.functions.list","cloudfunctions.functions.update","cloudfunctions.operations.get","firebase.projects.get"]}
[debug] [2026-07-24T22:50:33.346Z] Checked if tokens are valid: true, expires at: 1784935964198
[debug] [2026-07-24T22:50:33.346Z] Checked if tokens are valid: true, expires at: 1784935964198
[debug] [2026-07-24T22:50:33.346Z] >>> [apiv2][query] POST https://iam.googleapis.com/v1/projects/cobertores-web/serviceAccounts/cobertores-web@appspot.gserviceaccount.com:testIamPermissions [none]
[debug] [2026-07-24T22:50:33.346Z] >>> [apiv2][body] POST https://iam.googleapis.com/v1/projects/cobertores-web/serviceAccounts/cobertores-web@appspot.gserviceaccount.com:testIamPermissions {"permissions":["iam.serviceAccounts.actAs"]}
[debug] [2026-07-24T22:50:34.057Z] <<< [apiv2][status] POST https://iam.googleapis.com/v1/projects/cobertores-web/serviceAccounts/cobertores-web@appspot.gserviceaccount.com:testIamPermissions 200
[debug] [2026-07-24T22:50:34.058Z] <<< [apiv2][body] POST https://iam.googleapis.com/v1/projects/cobertores-web/serviceAccounts/cobertores-web@appspot.gserviceaccount.com:testIamPermissions {"permissions":["iam.serviceAccounts.actAs"]}
[info] 
[info] === Deploying to 'cobertores-web'...
[info] 
[info] i  deploying functions 
[debug] [2026-07-24T22:50:34.068Z] Checked if tokens are valid: true, expires at: 1784935964198
[debug] [2026-07-24T22:50:34.069Z] Checked if tokens are valid: true, expires at: 1784935964198
[debug] [2026-07-24T22:50:34.069Z] >>> [apiv2][query] GET https://cloudresourcemanager.googleapis.com/v1/projects/cobertores-web [none]
[debug] [2026-07-24T22:50:34.226Z] <<< [apiv2][status] GET https://cloudresourcemanager.googleapis.com/v1/projects/cobertores-web 200
[debug] [2026-07-24T22:50:34.227Z] <<< [apiv2][body] GET https://cloudresourcemanager.googleapis.com/v1/projects/cobertores-web {"projectNumber":"406682059694","projectId":"cobertores-web","lifecycleState":"ACTIVE","name":"cobertores-web","labels":{"firebase":"enabled","firebase-core":"disabled"},"createTime":"2026-07-22T22:08:02.255Z","parent":{"type":"organization","id":"959444817676"}}
[info] i  functions: preparing codebase default for deployment 
[info] i  functions: ensuring required API cloudfunctions.googleapis.com is enabled... 
[info] i  functions: ensuring required API cloudbuild.googleapis.com is enabled... 
[info] i  artifactregistry: ensuring required API artifactregistry.googleapis.com is enabled... 
[debug] [2026-07-24T22:50:34.236Z] Checked if tokens are valid: true, expires at: 1784935964198
[debug] [2026-07-24T22:50:34.237Z] Checked if tokens are valid: true, expires at: 1784935964198
[debug] [2026-07-24T22:50:34.237Z] >>> [apiv2][query] GET https://firebase.googleapis.com/v1beta1/projects/cobertores-web/adminSdkConfig [none]
[debug] [2026-07-24T22:50:34.753Z] <<< [apiv2][status] GET https://firebase.googleapis.com/v1beta1/projects/cobertores-web/adminSdkConfig 200
[debug] [2026-07-24T22:50:34.754Z] <<< [apiv2][body] GET https://firebase.googleapis.com/v1beta1/projects/cobertores-web/adminSdkConfig {"projectId":"cobertores-web","storageBucket":"cobertores-web.firebasestorage.app"}
[debug] [2026-07-24T22:50:34.755Z] Checked if tokens are valid: true, expires at: 1784935964198
[debug] [2026-07-24T22:50:34.755Z] Checked if tokens are valid: true, expires at: 1784935964198
[debug] [2026-07-24T22:50:34.755Z] >>> [apiv2][query] GET https://runtimeconfig.googleapis.com/v1beta1/projects/cobertores-web/configs [none]
[debug] [2026-07-24T22:50:35.151Z] <<< [apiv2][status] GET https://runtimeconfig.googleapis.com/v1beta1/projects/cobertores-web/configs 200
[debug] [2026-07-24T22:50:35.151Z] <<< [apiv2][body] GET https://runtimeconfig.googleapis.com/v1beta1/projects/cobertores-web/configs {}
[debug] [2026-07-24T22:50:35.155Z] Validating nodejs source
[warn] !  functions: package.json indicates an outdated version of firebase-functions. Please upgrade using npm install --save firebase-functions@latest in your functions directory. 
[debug] [2026-07-24T22:50:38.301Z] > [functions] package.json contents: {
  "name": "functions",
  "scripts": {
    "lint": "eslint \"src/**/*\"",
    "build": "tsc",
    "serve": "npm run build && firebase emulators:start --only functions",
    "shell": "npm run build && firebase functions:shell",
    "start": "npm run shell",
    "deploy": "firebase deploy --only functions",
    "logs": "firebase functions:log"
  },
  "engines": {
    "node": "22"
  },
  "main": "lib/index.js",
  "dependencies": {
    "firebase-admin": "^14.2.0",
    "firebase-functions": "^7.3.0",
    "rss-parser": "^3.13.0"
  },
  "devDependencies": {
    "@types/node": "^26.1.1",
    "@types/xml2js": "^0.4.14",
    "@typescript-eslint/eslint-plugin": "^8.65.0",
    "@typescript-eslint/parser": "^8.65.0",
    "eslint": "^10.7.0",
    "typescript": "^5"
  },
  "private": true
}
[debug] [2026-07-24T22:50:38.301Z] Building nodejs source
[info] i  functions: Loading and analyzing source code for codebase default to determine what to deploy 
[debug] [2026-07-24T22:50:38.304Z] Could not find functions.yaml. Must use http discovery
[debug] [2026-07-24T22:50:38.327Z] Found firebase-functions binary at 'C:\Users\pacoi\Downloads\cobertore\functions\node_modules\.bin\firebase-functions'
[info] Serving at port 8650

[debug] [2026-07-24T22:50:41.529Z] Got response from /__/functions.yaml {"endpoints":{"fetchNewsPeriodically":{"availableMemoryMb":null,"timeoutSeconds":null,"minInstances":null,"maxInstances":null,"ingressSettings":null,"concurrency":null,"serviceAccountEmail":null,"vpc":null,"platform":"gcfv2","labels":{},"scheduleTrigger":{"schedule":"every 6 hours","retryConfig":{},"timeZone":"America/Mexico_City"},"entryPoint":"fetchNewsPeriodically"},"triggerNewsFetch":{"availableMemoryMb":null,"timeoutSeconds":null,"minInstances":null,"maxInstances":null,"ingressSettings":null,"concurrency":null,"serviceAccountEmail":null,"vpc":null,"platform":"gcfv2","labels":{},"callableTrigger":{},"entryPoint":"triggerNewsFetch"}},"specVersion":"v1alpha1","requiredAPIs":[{"api":"cloudscheduler.googleapis.com","reason":"Needed for scheduled functions."}],"extensions":{}}
[info] i  extensions: ensuring required API firebaseextensions.googleapis.com is enabled... 
[debug] [2026-07-24T22:50:45.630Z] > command requires scopes: ["email","openid","https://www.googleapis.com/auth/cloudplatformprojects.readonly","https://www.googleapis.com/auth/firebase","https://www.googleapis.com/auth/cloud-platform"]
[debug] [2026-07-24T22:50:45.630Z] > authorizing via signed-in user (paco@cobertores.com)
[debug] [2026-07-24T22:50:45.630Z] [iam] checking project cobertores-web for permissions ["firebase.projects.get","firebaseextensions.instances.list"]
[debug] [2026-07-24T22:50:45.631Z] Checked if tokens are valid: true, expires at: 1784935964198
[debug] [2026-07-24T22:50:45.631Z] Checked if tokens are valid: true, expires at: 1784935964198
[debug] [2026-07-24T22:50:45.631Z] >>> [apiv2][query] POST https://cloudresourcemanager.googleapis.com/v1/projects/cobertores-web:testIamPermissions [none]
[debug] [2026-07-24T22:50:45.631Z] >>> [apiv2][(partial)header] POST https://cloudresourcemanager.googleapis.com/v1/projects/cobertores-web:testIamPermissions  x-goog-user-project=cobertores-web
[debug] [2026-07-24T22:50:45.631Z] >>> [apiv2][body] POST https://cloudresourcemanager.googleapis.com/v1/projects/cobertores-web:testIamPermissions {"permissions":["firebase.projects.get","firebaseextensions.instances.list"]}
[debug] [2026-07-24T22:50:46.407Z] <<< [apiv2][status] POST https://cloudresourcemanager.googleapis.com/v1/projects/cobertores-web:testIamPermissions 200
[debug] [2026-07-24T22:50:46.407Z] <<< [apiv2][body] POST https://cloudresourcemanager.googleapis.com/v1/projects/cobertores-web:testIamPermissions {"permissions":["firebase.projects.get","firebaseextensions.instances.list"]}
[debug] [2026-07-24T22:50:46.408Z] Checked if tokens are valid: true, expires at: 1784935964198
[debug] [2026-07-24T22:50:46.408Z] Checked if tokens are valid: true, expires at: 1784935964198
[debug] [2026-07-24T22:50:46.409Z] >>> [apiv2][query] GET https://firebaseextensions.googleapis.com/v1beta/projects/cobertores-web/instances pageSize=100&pageToken=
[debug] [2026-07-24T22:50:47.340Z] <<< [apiv2][status] GET https://firebaseextensions.googleapis.com/v1beta/projects/cobertores-web/instances 200
[debug] [2026-07-24T22:50:47.340Z] <<< [apiv2][body] GET https://firebaseextensions.googleapis.com/v1beta/projects/cobertores-web/instances {}
[info] i  functions: preparing functions directory for uploading... 
[info] i  functions: packaged C:\Users\pacoi\Downloads\cobertore\functions (56.74 KB) for uploading 
[debug] [2026-07-24T22:50:47.462Z] Checked if tokens are valid: true, expires at: 1784935964198
[debug] [2026-07-24T22:50:47.462Z] Checked if tokens are valid: true, expires at: 1784935964198
[debug] [2026-07-24T22:50:47.463Z] >>> [apiv2][query] GET https://cloudfunctions.googleapis.com/v1/projects/cobertores-web/locations/-/functions [none]
[debug] [2026-07-24T22:50:48.270Z] <<< [apiv2][status] GET https://cloudfunctions.googleapis.com/v1/projects/cobertores-web/locations/-/functions 200
[debug] [2026-07-24T22:50:48.270Z] <<< [apiv2][body] GET https://cloudfunctions.googleapis.com/v1/projects/cobertores-web/locations/-/functions {}
[debug] [2026-07-24T22:50:48.271Z] Checked if tokens are valid: true, expires at: 1784935964198
[debug] [2026-07-24T22:50:48.271Z] Checked if tokens are valid: true, expires at: 1784935964198
[debug] [2026-07-24T22:50:48.271Z] >>> [apiv2][query] GET https://cloudfunctions.googleapis.com/v2/projects/cobertores-web/locations/-/functions filter=environment%3D%22GEN_2%22
[debug] [2026-07-24T22:50:48.720Z] <<< [apiv2][status] GET https://cloudfunctions.googleapis.com/v2/projects/cobertores-web/locations/-/functions 200
[debug] [2026-07-24T22:50:48.720Z] <<< [apiv2][body] GET https://cloudfunctions.googleapis.com/v2/projects/cobertores-web/locations/-/functions {"functions":[{"name":"projects/cobertores-web/locations/us-central1/functions/fetchNewsPeriodically","buildConfig":{"build":"projects/406682059694/locations/us-central1/builds/9af483d2-ecd2-44a2-8899-393b8126a950","runtime":"nodejs22","entryPoint":"fetchNewsPeriodically","source":{"storageSource":{"bucket":"gcf-v2-sources-406682059694-us-central1","object":"fetchNewsPeriodically/function-source.zip","generation":"1784923661652222"}},"environmentVariables":{"GOOGLE_NODE_RUN_SCRIPTS":""},"dockerRepository":"projects/cobertores-web/locations/us-central1/repositories/gcf-artifacts","sourceProvenance":{"resolvedStorageSource":{"bucket":"gcf-v2-sources-406682059694-us-central1","object":"fetchNewsPeriodically/function-source.zip","generation":"1784923661652222"}},"dockerRegistry":"ARTIFACT_REGISTRY","serviceAccount":"projects/cobertores-web/serviceAccounts/406682059694-compute@developer.gserviceaccount.com","automaticUpdatePolicy":{}},"serviceConfig":{"service":"projects/cobertores-web/locations/us-central1/services/fetchnewsperiodically","timeoutSeconds":60,"environmentVariables":{"FIREBASE_CONFIG":"{\"projectId\":\"cobertores-web\",\"storageBucket\":\"cobertores-web.firebasestorage.app\"}","GCLOUD_PROJECT":"cobertores-web","EVENTARC_CLOUD_EVENT_SOURCE":"projects/cobertores-web/locations/us-central1/services/fetchNewsPeriodically","FUNCTION_TARGET":"fetchNewsPeriodically","LOG_EXECUTION_ID":"true"},"maxInstanceCount":20,"ingressSettings":"ALLOW_ALL","uri":"https://fetchnewsperiodically-ushzvpam6a-uc.a.run.app","serviceAccountEmail":"406682059694-compute@developer.gserviceaccount.com","availableMemory":"256Mi","allTrafficOnLatestRevision":true,"revision":"fetchnewsperiodically-00002-sit","maxInstanceRequestConcurrency":80,"availableCpu":"1"},"state":"ACTIVE","updateTime":"2026-07-24T20:08:48.992201219Z","labels":{"firebase-functions-hash":"bb0e2482e1a710a04384dce544abc0959c3c4baa","deployment-tool":"cli-firebase","deployment-scheduled":"true"},"environment":"GEN_2","url":"https://us-central1-cobertores-web.cloudfunctions.net/fetchNewsPeriodically","createTime":"2026-07-23T17:38:45.743693799Z","satisfiesPzi":true}]}
[info] i  functions: ensuring required API cloudscheduler.googleapis.com is enabled... 
[info] i  functions: ensuring required API run.googleapis.com is enabled... 
[info] i  functions: ensuring required API eventarc.googleapis.com is enabled... 
[info] i  functions: ensuring required API pubsub.googleapis.com is enabled... 
[info] i  functions: ensuring required API storage.googleapis.com is enabled... 
[info] i  functions: generating the service identity for pubsub.googleapis.com... 
[debug] [2026-07-24T22:50:48.737Z] Checked if tokens are valid: true, expires at: 1784935964198
[debug] [2026-07-24T22:50:48.737Z] Checked if tokens are valid: true, expires at: 1784935964198
[info] i  functions: generating the service identity for eventarc.googleapis.com... 
[debug] [2026-07-24T22:50:48.738Z] Checked if tokens are valid: true, expires at: 1784935964198
[debug] [2026-07-24T22:50:48.738Z] Checked if tokens are valid: true, expires at: 1784935964198
[debug] [2026-07-24T22:50:48.738Z] >>> [apiv2][query] POST https://serviceusage.googleapis.com/v1beta1/projects/406682059694/services/pubsub.googleapis.com:generateServiceIdentity [none]
[debug] [2026-07-24T22:50:48.738Z] >>> [apiv2][(partial)header] POST https://serviceusage.googleapis.com/v1beta1/projects/406682059694/services/pubsub.googleapis.com:generateServiceIdentity  x-goog-user-project=406682059694
[debug] [2026-07-24T22:50:48.738Z] >>> [apiv2][body] POST https://serviceusage.googleapis.com/v1beta1/projects/406682059694/services/pubsub.googleapis.com:generateServiceIdentity {}
[debug] [2026-07-24T22:50:48.740Z] >>> [apiv2][query] POST https://serviceusage.googleapis.com/v1beta1/projects/406682059694/services/eventarc.googleapis.com:generateServiceIdentity [none]
[debug] [2026-07-24T22:50:48.741Z] >>> [apiv2][(partial)header] POST https://serviceusage.googleapis.com/v1beta1/projects/406682059694/services/eventarc.googleapis.com:generateServiceIdentity  x-goog-user-project=406682059694
[debug] [2026-07-24T22:50:48.741Z] >>> [apiv2][body] POST https://serviceusage.googleapis.com/v1beta1/projects/406682059694/services/eventarc.googleapis.com:generateServiceIdentity {}
[debug] [2026-07-24T22:50:49.654Z] <<< [apiv2][status] POST https://serviceusage.googleapis.com/v1beta1/projects/406682059694/services/pubsub.googleapis.com:generateServiceIdentity 200
[debug] [2026-07-24T22:50:49.654Z] <<< [apiv2][body] POST https://serviceusage.googleapis.com/v1beta1/projects/406682059694/services/pubsub.googleapis.com:generateServiceIdentity {"name":"operations/finished.DONE_OPERATION","done":true,"response":{"@type":"type.googleapis.com/google.api.serviceusage.v1beta1.ServiceIdentity","email":"service-406682059694@gcp-sa-pubsub.iam.gserviceaccount.com","uniqueId":"102408035065489785364"}}
[debug] [2026-07-24T22:50:49.706Z] <<< [apiv2][status] POST https://serviceusage.googleapis.com/v1beta1/projects/406682059694/services/eventarc.googleapis.com:generateServiceIdentity 200
[debug] [2026-07-24T22:50:49.706Z] <<< [apiv2][body] POST https://serviceusage.googleapis.com/v1beta1/projects/406682059694/services/eventarc.googleapis.com:generateServiceIdentity {"name":"operations/finished.DONE_OPERATION","done":true,"response":{"@type":"type.googleapis.com/google.api.serviceusage.v1beta1.ServiceIdentity","email":"service-406682059694@gcp-sa-eventarc.iam.gserviceaccount.com","uniqueId":"114285597578710181196"}}
[debug] [2026-07-24T22:50:49.713Z] Checked if tokens are valid: true, expires at: 1784935964198
[debug] [2026-07-24T22:50:49.713Z] Checked if tokens are valid: true, expires at: 1784935964198
[debug] [2026-07-24T22:50:49.713Z] >>> [apiv2][query] GET https://cloudresourcemanager.googleapis.com/v1/projects/cobertores-web [none]
[debug] [2026-07-24T22:50:49.862Z] <<< [apiv2][status] GET https://cloudresourcemanager.googleapis.com/v1/projects/cobertores-web 200
[debug] [2026-07-24T22:50:49.863Z] <<< [apiv2][body] GET https://cloudresourcemanager.googleapis.com/v1/projects/cobertores-web {"projectNumber":"406682059694","projectId":"cobertores-web","lifecycleState":"ACTIVE","name":"cobertores-web","labels":{"firebase":"enabled","firebase-core":"disabled"},"createTime":"2026-07-22T22:08:02.255Z","parent":{"type":"organization","id":"959444817676"}}
[debug] [2026-07-24T22:50:49.863Z] Checked if tokens are valid: true, expires at: 1784935964198
[debug] [2026-07-24T22:50:49.863Z] Checked if tokens are valid: true, expires at: 1784935964198
[debug] [2026-07-24T22:50:49.863Z] >>> [apiv2][query] GET https://compute.googleapis.com/compute/v1/projects/406682059694 [none]
[debug] [2026-07-24T22:50:50.241Z] <<< [apiv2][status] GET https://compute.googleapis.com/compute/v1/projects/406682059694 403
[debug] [2026-07-24T22:50:50.242Z] <<< [apiv2][body] GET https://compute.googleapis.com/compute/v1/projects/406682059694 {"error":{"code":403,"message":"Compute Engine API has not been used in project 406682059694 before or it is disabled. Enable it by visiting https://console.developers.google.com/apis/api/compute.googleapis.com/overview?project=406682059694 then retry. If you enabled this API recently, wait a few minutes for the action to propagate to our systems and retry.","errors":[{"message":"Compute Engine API has not been used in project 406682059694 before or it is disabled. Enable it by visiting https://console.developers.google.com/apis/api/compute.googleapis.com/overview?project=406682059694 then retry. If you enabled this API recently, wait a few minutes for the action to propagate to our systems and retry.","domain":"usageLimits","reason":"accessNotConfigured","extendedHelp":"https://console.developers.google.com"}],"status":"PERMISSION_DENIED","details":[{"@type":"type.googleapis.com/google.rpc.ErrorInfo","reason":"SERVICE_DISABLED","domain":"googleapis.com","metadata":{"serviceTitle":"Compute Engine API","service":"compute.googleapis.com","consumer":"projects/406682059694","activationUrl":"https://console.developers.google.com/apis/api/compute.googleapis.com/overview?project=406682059694","containerInfo":"406682059694"}},{"@type":"type.googleapis.com/google.rpc.LocalizedMessage","locale":"en-US","message":"Compute Engine API has not been used in project 406682059694 before or it is disabled. Enable it by visiting https://console.developers.google.com/apis/api/compute.googleapis.com/overview?project=406682059694 then retry. If you enabled this API recently, wait a few minutes for the action to propagate to our systems and retry."},{"@type":"type.googleapis.com/google.rpc.Help","links":[{"description":"Google developers console API activation","url":"https://console.developers.google.com/apis/api/compute.googleapis.com/overview?project=406682059694"}]}]}}
[debug] [2026-07-24T22:50:50.243Z] unable to look up default compute service account. Falling back to 406682059694-compute@developer.gserviceaccount.com. Error: {"name":"FirebaseError","children":[],"context":{"body":{"error":{"code":403,"message":"Compute Engine API has not been used in project 406682059694 before or it is disabled. Enable it by visiting https://console.developers.google.com/apis/api/compute.googleapis.com/overview?project=406682059694 then retry. If you enabled this API recently, wait a few minutes for the action to propagate to our systems and retry.","errors":[{"message":"Compute Engine API has not been used in project 406682059694 before or it is disabled. Enable it by visiting https://console.developers.google.com/apis/api/compute.googleapis.com/overview?project=406682059694 then retry. If you enabled this API recently, wait a few minutes for the action to propagate to our systems and retry.","domain":"usageLimits","reason":"accessNotConfigured","extendedHelp":"https://console.developers.google.com"}],"status":"PERMISSION_DENIED","details":[{"@type":"type.googleapis.com/google.rpc.ErrorInfo","reason":"SERVICE_DISABLED","domain":"googleapis.com","metadata":{"serviceTitle":"Compute Engine API","service":"compute.googleapis.com","consumer":"projects/406682059694","activationUrl":"https://console.developers.google.com/apis/api/compute.googleapis.com/overview?project=406682059694","containerInfo":"406682059694"}},{"@type":"type.googleapis.com/google.rpc.LocalizedMessage","locale":"en-US","message":"Compute Engine API has not been used in project 406682059694 before or it is disabled. Enable it by visiting https://console.developers.google.com/apis/api/compute.googleapis.com/overview?project=406682059694 then retry. If you enabled this API recently, wait a few minutes for the action to propagate to our systems and retry."},{"@type":"type.googleapis.com/google.rpc.Help","links":[{"description":"Google developers console API activation","url":"https://console.developers.google.com/apis/api/compute.googleapis.com/overview?project=406682059694"}]}]}},"response":{"statusCode":403}},"exit":1,"message":"Request to https://compute.googleapis.com/compute/v1/projects/406682059694 had HTTP Error: 403, Compute Engine API has not been used in project 406682059694 before or it is disabled. Enable it by visiting https://console.developers.google.com/apis/api/compute.googleapis.com/overview?project=406682059694 then retry. If you enabled this API recently, wait a few minutes for the action to propagate to our systems and retry.","status":403}
[debug] [2026-07-24T22:50:50.243Z] Checked if tokens are valid: true, expires at: 1784935964198
[debug] [2026-07-24T22:50:50.243Z] Checked if tokens are valid: true, expires at: 1784935964198
[debug] [2026-07-24T22:50:50.243Z] >>> [apiv2][query] GET https://compute.googleapis.com/compute/v1/projects/406682059694 [none]
[debug] [2026-07-24T22:50:50.399Z] <<< [apiv2][status] GET https://compute.googleapis.com/compute/v1/projects/406682059694 403
[debug] [2026-07-24T22:50:50.399Z] <<< [apiv2][body] GET https://compute.googleapis.com/compute/v1/projects/406682059694 {"error":{"code":403,"message":"Compute Engine API has not been used in project 406682059694 before or it is disabled. Enable it by visiting https://console.developers.google.com/apis/api/compute.googleapis.com/overview?project=406682059694 then retry. If you enabled this API recently, wait a few minutes for the action to propagate to our systems and retry.","errors":[{"message":"Compute Engine API has not been used in project 406682059694 before or it is disabled. Enable it by visiting https://console.developers.google.com/apis/api/compute.googleapis.com/overview?project=406682059694 then retry. If you enabled this API recently, wait a few minutes for the action to propagate to our systems and retry.","domain":"usageLimits","reason":"accessNotConfigured","extendedHelp":"https://console.developers.google.com"}],"status":"PERMISSION_DENIED","details":[{"@type":"type.googleapis.com/google.rpc.ErrorInfo","reason":"SERVICE_DISABLED","domain":"googleapis.com","metadata":{"serviceTitle":"Compute Engine API","containerInfo":"406682059694","consumer":"projects/406682059694","activationUrl":"https://console.developers.google.com/apis/api/compute.googleapis.com/overview?project=406682059694","service":"compute.googleapis.com"}},{"@type":"type.googleapis.com/google.rpc.LocalizedMessage","locale":"en-US","message":"Compute Engine API has not been used in project 406682059694 before or it is disabled. Enable it by visiting https://console.developers.google.com/apis/api/compute.googleapis.com/overview?project=406682059694 then retry. If you enabled this API recently, wait a few minutes for the action to propagate to our systems and retry."},{"@type":"type.googleapis.com/google.rpc.Help","links":[{"description":"Google developers console API activation","url":"https://console.developers.google.com/apis/api/compute.googleapis.com/overview?project=406682059694"}]}]}}
[debug] [2026-07-24T22:50:50.400Z] unable to look up default compute service account. Falling back to 406682059694-compute@developer.gserviceaccount.com. Error: {"name":"FirebaseError","children":[],"context":{"body":{"error":{"code":403,"message":"Compute Engine API has not been used in project 406682059694 before or it is disabled. Enable it by visiting https://console.developers.google.com/apis/api/compute.googleapis.com/overview?project=406682059694 then retry. If you enabled this API recently, wait a few minutes for the action to propagate to our systems and retry.","errors":[{"message":"Compute Engine API has not been used in project 406682059694 before or it is disabled. Enable it by visiting https://console.developers.google.com/apis/api/compute.googleapis.com/overview?project=406682059694 then retry. If you enabled this API recently, wait a few minutes for the action to propagate to our systems and retry.","domain":"usageLimits","reason":"accessNotConfigured","extendedHelp":"https://console.developers.google.com"}],"status":"PERMISSION_DENIED","details":[{"@type":"type.googleapis.com/google.rpc.ErrorInfo","reason":"SERVICE_DISABLED","domain":"googleapis.com","metadata":{"serviceTitle":"Compute Engine API","containerInfo":"406682059694","consumer":"projects/406682059694","activationUrl":"https://console.developers.google.com/apis/api/compute.googleapis.com/overview?project=406682059694","service":"compute.googleapis.com"}},{"@type":"type.googleapis.com/google.rpc.LocalizedMessage","locale":"en-US","message":"Compute Engine API has not been used in project 406682059694 before or it is disabled. Enable it by visiting https://console.developers.google.com/apis/api/compute.googleapis.com/overview?project=406682059694 then retry. If you enabled this API recently, wait a few minutes for the action to propagate to our systems and retry."},{"@type":"type.googleapis.com/google.rpc.Help","links":[{"description":"Google developers console API activation","url":"https://console.developers.google.com/apis/api/compute.googleapis.com/overview?project=406682059694"}]}]}},"response":{"statusCode":403}},"exit":1,"message":"Request to https://compute.googleapis.com/compute/v1/projects/406682059694 had HTTP Error: 403, Compute Engine API has not been used in project 406682059694 before or it is disabled. Enable it by visiting https://console.developers.google.com/apis/api/compute.googleapis.com/overview?project=406682059694 then retry. If you enabled this API recently, wait a few minutes for the action to propagate to our systems and retry.","status":403}
[debug] [2026-07-24T22:50:50.402Z] Checked if tokens are valid: true, expires at: 1784935964198
[debug] [2026-07-24T22:50:50.403Z] Checked if tokens are valid: true, expires at: 1784935964198
[debug] [2026-07-24T22:50:50.403Z] >>> [apiv2][query] GET https://cloudbilling.googleapis.com/v1/projects/cobertores-web/billingInfo [none]
[debug] [2026-07-24T22:50:50.745Z] <<< [apiv2][status] GET https://cloudbilling.googleapis.com/v1/projects/cobertores-web/billingInfo 200
[debug] [2026-07-24T22:50:50.746Z] <<< [apiv2][body] GET https://cloudbilling.googleapis.com/v1/projects/cobertores-web/billingInfo {"name":"projects/cobertores-web/billingInfo","projectId":"cobertores-web","billingAccountName":"billingAccounts/01756A-CA1E94-27D77B","billingEnabled":true}
[debug] [2026-07-24T22:50:50.749Z] Checked if tokens are valid: true, expires at: 1784935964198
[debug] [2026-07-24T22:50:50.749Z] Checked if tokens are valid: true, expires at: 1784935964198
[debug] [2026-07-24T22:50:50.749Z] >>> [apiv2][query] POST https://cloudfunctions.googleapis.com/v2/projects/cobertores-web/locations/us-central1/functions:generateUploadUrl [none]
[debug] [2026-07-24T22:50:51.060Z] <<< [apiv2][status] POST https://cloudfunctions.googleapis.com/v2/projects/cobertores-web/locations/us-central1/functions:generateUploadUrl 200
[debug] [2026-07-24T22:50:51.060Z] <<< [apiv2][body] POST https://cloudfunctions.googleapis.com/v2/projects/cobertores-web/locations/us-central1/functions:generateUploadUrl {"uploadUrl":"https://storage.googleapis.com/gcf-v2-uploads-406682059694.us-central1.cloudfunctions.appspot.com/ae40e1d8-c9f8-4f44-9972-6b3674a902ef.zip?GoogleAccessId=service-406682059694@gcf-admin-robot.iam.gserviceaccount.com&Expires=1784935251&Signature=qOsbhWUqDljKj0QlvVtM5f4iTKCUhHiXtT4iV86ZWbOjDfJMRcFCkzJk7fHUwGnjxYD1EHq0F3HSEJFe2OXSVwiod851hbiPRqUjJvr%2Bi9UFQRaU3tQJj5eA6ApBE1HNe3yg6D2AgAxUjxTNBR683DqNZUSqTRHjSSth%2FEtxpwBPgdOEzpfBXd3Sb76xizh8NBBZwAcB2myC7Hvz2ce0o1aeZX1htyYmmIH%2FWscJsUAvvx4r%2FkFvy6HM1WHd9QGsQH49X1vh0gX0X1Y%2BzvRbGkCYE0y%2BCMyJOtfwRfwSK0EgxIhmcW3a3a12Em1Z4UKmpjDoYVhwtuJUaJ5Sn96xkQ%3D%3D","storageSource":{"bucket":"gcf-v2-uploads-406682059694.us-central1.cloudfunctions.appspot.com","object":"ae40e1d8-c9f8-4f44-9972-6b3674a902ef.zip"}}
[debug] [2026-07-24T22:50:51.061Z] >>> [apiv2][query] PUT https://storage.googleapis.com/gcf-v2-uploads-406682059694.us-central1.cloudfunctions.appspot.com/ae40e1d8-c9f8-4f44-9972-6b3674a902ef.zip GoogleAccessId=service-406682059694%40gcf-admin-robot.iam.gserviceaccount.com&Expires=1784935251&Signature=qOsbhWUqDljKj0QlvVtM5f4iTKCUhHiXtT4iV86ZWbOjDfJMRcFCkzJk7fHUwGnjxYD1EHq0F3HSEJFe2OXSVwiod851hbiPRqUjJvr%2Bi9UFQRaU3tQJj5eA6ApBE1HNe3yg6D2AgAxUjxTNBR683DqNZUSqTRHjSSth%2FEtxpwBPgdOEzpfBXd3Sb76xizh8NBBZwAcB2myC7Hvz2ce0o1aeZX1htyYmmIH%2FWscJsUAvvx4r%2FkFvy6HM1WHd9QGsQH49X1vh0gX0X1Y%2BzvRbGkCYE0y%2BCMyJOtfwRfwSK0EgxIhmcW3a3a12Em1Z4UKmpjDoYVhwtuJUaJ5Sn96xkQ%3D%3D
[debug] [2026-07-24T22:50:51.061Z] >>> [apiv2][body] PUT https://storage.googleapis.com/gcf-v2-uploads-406682059694.us-central1.cloudfunctions.appspot.com/ae40e1d8-c9f8-4f44-9972-6b3674a902ef.zip [stream]
[debug] [2026-07-24T22:50:51.475Z] <<< [apiv2][status] PUT https://storage.googleapis.com/gcf-v2-uploads-406682059694.us-central1.cloudfunctions.appspot.com/ae40e1d8-c9f8-4f44-9972-6b3674a902ef.zip 200
[debug] [2026-07-24T22:50:51.476Z] <<< [apiv2][body] PUT https://storage.googleapis.com/gcf-v2-uploads-406682059694.us-central1.cloudfunctions.appspot.com/ae40e1d8-c9f8-4f44-9972-6b3674a902ef.zip [omitted]
[info] +  functions: functions source uploaded successfully 
[info] i  functions: creating Node.js 22 (2nd Gen) function triggerNewsFetch(us-central1)... 
[info] i  functions: updating Node.js 22 (2nd Gen) function fetchNewsPeriodically(us-central1)... 
[debug] [2026-07-24T22:50:51.487Z] Checked if tokens are valid: true, expires at: 1784935964198
[debug] [2026-07-24T22:50:51.488Z] Checked if tokens are valid: true, expires at: 1784935964198
[debug] [2026-07-24T22:50:51.488Z] >>> [apiv2][query] POST https://cloudfunctions.googleapis.com/v2/projects/cobertores-web/locations/us-central1/functions functionId=triggerNewsFetch
[debug] [2026-07-24T22:50:51.488Z] >>> [apiv2][body] POST https://cloudfunctions.googleapis.com/v2/projects/cobertores-web/locations/us-central1/functions {"name":"projects/cobertores-web/locations/us-central1/functions/triggerNewsFetch","buildConfig":{"runtime":"nodejs22","entryPoint":"triggerNewsFetch","source":{"storageSource":{"bucket":"gcf-v2-uploads-406682059694.us-central1.cloudfunctions.appspot.com","object":"ae40e1d8-c9f8-4f44-9972-6b3674a902ef.zip"}},"environmentVariables":{"GOOGLE_NODE_RUN_SCRIPTS":""}},"serviceConfig":{"environmentVariables":{"FIREBASE_CONFIG":"{\"projectId\":\"cobertores-web\",\"storageBucket\":\"cobertores-web.firebasestorage.app\"}","GCLOUD_PROJECT":"cobertores-web","EVENTARC_CLOUD_EVENT_SOURCE":"projects/cobertores-web/locations/us-central1/services/triggerNewsFetch","FUNCTION_TARGET":"triggerNewsFetch","LOG_EXECUTION_ID":"true"},"ingressSettings":null,"timeoutSeconds":null,"serviceAccountEmail":null,"availableMemory":"256Mi","minInstanceCount":null,"maxInstanceCount":null,"maxInstanceRequestConcurrency":80,"availableCpu":"1","vpcConnector":null,"vpcConnectorEgressSettings":null,"directVpcNetworkInterface":null,"directVpcEgress":null},"labels":{"deployment-tool":"cli-firebase","deployment-callable":"true","firebase-functions-hash":"c6ed3d0d7bfef0d430f1201215cb6bc8c060b823"}}
[debug] [2026-07-24T22:50:52.229Z] <<< [apiv2][status] POST https://cloudfunctions.googleapis.com/v2/projects/cobertores-web/locations/us-central1/functions 200
[debug] [2026-07-24T22:50:52.229Z] <<< [apiv2][body] POST https://cloudfunctions.googleapis.com/v2/projects/cobertores-web/locations/us-central1/functions {"name":"projects/cobertores-web/locations/us-central1/operations/operation-1784933451700-6576334561836-ccba3050-7661855e","metadata":{"@type":"type.googleapis.com/google.cloud.functions.v2.OperationMetadata","createTime":"2026-07-24T22:50:52.241509047Z","target":"projects/cobertores-web/locations/us-central1/functions/triggerNewsFetch","verb":"create","cancelRequested":false,"apiVersion":"v2"},"done":false}
[debug] [2026-07-24T22:50:52.230Z] Checked if tokens are valid: true, expires at: 1784935964198
[debug] [2026-07-24T22:50:52.230Z] Checked if tokens are valid: true, expires at: 1784935964198
[debug] [2026-07-24T22:50:52.230Z] >>> [apiv2][query] GET https://cloudfunctions.googleapis.com/v2/projects/cobertores-web/locations/us-central1/operations/operation-1784933451700-6576334561836-ccba3050-7661855e [none]
[debug] [2026-07-24T22:50:52.455Z] <<< [apiv2][status] GET https://cloudfunctions.googleapis.com/v2/projects/cobertores-web/locations/us-central1/operations/operation-1784933451700-6576334561836-ccba3050-7661855e 200
[debug] [2026-07-24T22:50:52.455Z] <<< [apiv2][body] GET https://cloudfunctions.googleapis.com/v2/projects/cobertores-web/locations/us-central1/operations/operation-1784933451700-6576334561836-ccba3050-7661855e {"name":"projects/cobertores-web/locations/us-central1/operations/operation-1784933451700-6576334561836-ccba3050-7661855e","metadata":{"@type":"type.googleapis.com/google.cloud.functions.v2.OperationMetadata","createTime":"2026-07-24T22:50:52.241509047Z","target":"projects/cobertores-web/locations/us-central1/functions/triggerNewsFetch","verb":"create","cancelRequested":false,"apiVersion":"v2","requestResource":{"@type":"type.googleapis.com/google.cloud.functions.v2.Function","name":"projects/cobertores-web/locations/us-central1/functions/triggerNewsFetch","buildConfig":{"runtime":"nodejs22","entryPoint":"triggerNewsFetch","source":{"storageSource":{"bucket":"gcf-v2-sources-406682059694-us-central1","object":"triggerNewsFetch/function-source.zip","generation":"1784933451956915"}},"environmentVariables":{"GOOGLE_NODE_RUN_SCRIPTS":""},"serviceAccount":"projects/cobertores-web/serviceAccounts/406682059694-compute@developer.gserviceaccount.com","automaticUpdatePolicy":{}},"serviceConfig":{"service":"projects/cobertores-web/locations/us-central1/services/triggernewsfetch","timeoutSeconds":60,"environmentVariables":{"FIREBASE_CONFIG":"{\"projectId\":\"cobertores-web\",\"storageBucket\":\"cobertores-web.firebasestorage.app\"}","GCLOUD_PROJECT":"cobertores-web","EVENTARC_CLOUD_EVENT_SOURCE":"projects/cobertores-web/locations/us-central1/services/triggerNewsFetch","FUNCTION_TARGET":"triggerNewsFetch","LOG_EXECUTION_ID":"true"},"ingressSettings":"ALLOW_ALL","serviceAccountEmail":"406682059694-compute@developer.gserviceaccount.com","availableMemory":"256Mi","maxInstanceRequestConcurrency":80,"availableCpu":"1"},"labels":{"deployment-tool":"cli-firebase","deployment-callable":"true","firebase-functions-hash":"c6ed3d0d7bfef0d430f1201215cb6bc8c060b823"},"environment":"GEN_2"},"stages":[{"name":"BUILD","state":"NOT_STARTED"},{"name":"SERVICE","state":"NOT_STARTED"}],"operationType":"CREATE_FUNCTION"},"done":false}
[debug] [2026-07-24T22:50:52.959Z] [create-default-us-central1-triggerNewsFetch] Retrying task index 0
[debug] [2026-07-24T22:50:52.960Z] Checked if tokens are valid: true, expires at: 1784935964198
[debug] [2026-07-24T22:50:52.960Z] Checked if tokens are valid: true, expires at: 1784935964198
[debug] [2026-07-24T22:50:52.960Z] >>> [apiv2][query] GET https://cloudfunctions.googleapis.com/v2/projects/cobertores-web/locations/us-central1/operations/operation-1784933451700-6576334561836-ccba3050-7661855e [none]
[debug] [2026-07-24T22:50:53.142Z] <<< [apiv2][status] GET https://cloudfunctions.googleapis.com/v2/projects/cobertores-web/locations/us-central1/operations/operation-1784933451700-6576334561836-ccba3050-7661855e 200
[debug] [2026-07-24T22:50:53.142Z] <<< [apiv2][body] GET https://cloudfunctions.googleapis.com/v2/projects/cobertores-web/locations/us-central1/operations/operation-1784933451700-6576334561836-ccba3050-7661855e {"name":"projects/cobertores-web/locations/us-central1/operations/operation-1784933451700-6576334561836-ccba3050-7661855e","metadata":{"@type":"type.googleapis.com/google.cloud.functions.v2.OperationMetadata","createTime":"2026-07-24T22:50:52.241509047Z","target":"projects/cobertores-web/locations/us-central1/functions/triggerNewsFetch","verb":"create","cancelRequested":false,"apiVersion":"v2","requestResource":{"@type":"type.googleapis.com/google.cloud.functions.v2.Function","name":"projects/cobertores-web/locations/us-central1/functions/triggerNewsFetch","buildConfig":{"runtime":"nodejs22","entryPoint":"triggerNewsFetch","source":{"storageSource":{"bucket":"gcf-v2-sources-406682059694-us-central1","object":"triggerNewsFetch/function-source.zip","generation":"1784933451956915"}},"environmentVariables":{"GOOGLE_NODE_RUN_SCRIPTS":""},"serviceAccount":"projects/cobertores-web/serviceAccounts/406682059694-compute@developer.gserviceaccount.com","automaticUpdatePolicy":{}},"serviceConfig":{"service":"projects/cobertores-web/locations/us-central1/services/triggernewsfetch","timeoutSeconds":60,"environmentVariables":{"FIREBASE_CONFIG":"{\"projectId\":\"cobertores-web\",\"storageBucket\":\"cobertores-web.firebasestorage.app\"}","GCLOUD_PROJECT":"cobertores-web","EVENTARC_CLOUD_EVENT_SOURCE":"projects/cobertores-web/locations/us-central1/services/triggerNewsFetch","FUNCTION_TARGET":"triggerNewsFetch","LOG_EXECUTION_ID":"true"},"ingressSettings":"ALLOW_ALL","serviceAccountEmail":"406682059694-compute@developer.gserviceaccount.com","availableMemory":"256Mi","maxInstanceRequestConcurrency":80,"availableCpu":"1"},"labels":{"deployment-tool":"cli-firebase","deployment-callable":"true","firebase-functions-hash":"c6ed3d0d7bfef0d430f1201215cb6bc8c060b823"},"environment":"GEN_2"},"stages":[{"name":"BUILD","message":"Creating build","state":"IN_PROGRESS","resource":"projects/406682059694/locations/us-central1/builds/d7476711-8ef1-4503-999a-b7a24c764983","resourceUri":"https://console.cloud.google.com/cloud-build/builds;region=us-central1/d7476711-8ef1-4503-999a-b7a24c764983?project=406682059694"},{"name":"SERVICE","state":"NOT_STARTED"}],"operationType":"CREATE_FUNCTION","buildName":"projects/406682059694/locations/us-central1/builds/d7476711-8ef1-4503-999a-b7a24c764983"},"done":false}
[debug] [2026-07-24T22:50:54.156Z] [create-default-us-central1-triggerNewsFetch] Retrying task index 0
[debug] [2026-07-24T22:50:54.156Z] Checked if tokens are valid: true, expires at: 1784935964198
[debug] [2026-07-24T22:50:54.156Z] Checked if tokens are valid: true, expires at: 1784935964198
[debug] [2026-07-24T22:50:54.156Z] >>> [apiv2][query] GET https://cloudfunctions.googleapis.com/v2/projects/cobertores-web/locations/us-central1/operations/operation-1784933451700-6576334561836-ccba3050-7661855e [none]
[debug] [2026-07-24T22:50:54.334Z] <<< [apiv2][status] GET https://cloudfunctions.googleapis.com/v2/projects/cobertores-web/locations/us-central1/operations/operation-1784933451700-6576334561836-ccba3050-7661855e 200
[debug] [2026-07-24T22:50:54.334Z] <<< [apiv2][body] GET https://cloudfunctions.googleapis.com/v2/projects/cobertores-web/locations/us-central1/operations/operation-1784933451700-6576334561836-ccba3050-7661855e {"name":"projects/cobertores-web/locations/us-central1/operations/operation-1784933451700-6576334561836-ccba3050-7661855e","metadata":{"@type":"type.googleapis.com/google.cloud.functions.v2.OperationMetadata","createTime":"2026-07-24T22:50:52.241509047Z","target":"projects/cobertores-web/locations/us-central1/functions/triggerNewsFetch","verb":"create","cancelRequested":false,"apiVersion":"v2","requestResource":{"@type":"type.googleapis.com/google.cloud.functions.v2.Function","name":"projects/cobertores-web/locations/us-central1/functions/triggerNewsFetch","buildConfig":{"runtime":"nodejs22","entryPoint":"triggerNewsFetch","source":{"storageSource":{"bucket":"gcf-v2-sources-406682059694-us-central1","object":"triggerNewsFetch/function-source.zip","generation":"1784933451956915"}},"environmentVariables":{"GOOGLE_NODE_RUN_SCRIPTS":""},"serviceAccount":"projects/cobertores-web/serviceAccounts/406682059694-compute@developer.gserviceaccount.com","automaticUpdatePolicy":{}},"serviceConfig":{"service":"projects/cobertores-web/locations/us-central1/services/triggernewsfetch","timeoutSeconds":60,"environmentVariables":{"FIREBASE_CONFIG":"{\"projectId\":\"cobertores-web\",\"storageBucket\":\"cobertores-web.firebasestorage.app\"}","GCLOUD_PROJECT":"cobertores-web","EVENTARC_CLOUD_EVENT_SOURCE":"projects/cobertores-web/locations/us-central1/services/triggerNewsFetch","FUNCTION_TARGET":"triggerNewsFetch","LOG_EXECUTION_ID":"true"},"ingressSettings":"ALLOW_ALL","serviceAccountEmail":"406682059694-compute@developer.gserviceaccount.com","availableMemory":"256Mi","maxInstanceRequestConcurrency":80,"availableCpu":"1"},"labels":{"deployment-tool":"cli-firebase","deployment-callable":"true","firebase-functions-hash":"c6ed3d0d7bfef0d430f1201215cb6bc8c060b823"},"environment":"GEN_2"},"stages":[{"name":"BUILD","message":"Build in progress","state":"IN_PROGRESS","resource":"projects/406682059694/locations/us-central1/builds/d7476711-8ef1-4503-999a-b7a24c764983","resourceUri":"https://console.cloud.google.com/cloud-build/builds;region=us-central1/d7476711-8ef1-4503-999a-b7a24c764983?project=406682059694"},{"name":"SERVICE","state":"NOT_STARTED"}],"operationType":"CREATE_FUNCTION","buildName":"projects/406682059694/locations/us-central1/builds/d7476711-8ef1-4503-999a-b7a24c764983"},"done":false}
[debug] [2026-07-24T22:50:56.339Z] [create-default-us-central1-triggerNewsFetch] Retrying task index 0
[debug] [2026-07-24T22:50:56.339Z] Checked if tokens are valid: true, expires at: 1784935964198
[debug] [2026-07-24T22:50:56.339Z] Checked if tokens are valid: true, expires at: 1784935964198
[debug] [2026-07-24T22:50:56.339Z] >>> [apiv2][query] GET https://cloudfunctions.googleapis.com/v2/projects/cobertores-web/locations/us-central1/operations/operation-1784933451700-6576334561836-ccba3050-7661855e [none]
[debug] [2026-07-24T22:50:56.552Z] <<< [apiv2][status] GET https://cloudfunctions.googleapis.com/v2/projects/cobertores-web/locations/us-central1/operations/operation-1784933451700-6576334561836-ccba3050-7661855e 200
[debug] [2026-07-24T22:50:56.552Z] <<< [apiv2][body] GET https://cloudfunctions.googleapis.com/v2/projects/cobertores-web/locations/us-central1/operations/operation-1784933451700-6576334561836-ccba3050-7661855e {"name":"projects/cobertores-web/locations/us-central1/operations/operation-1784933451700-6576334561836-ccba3050-7661855e","metadata":{"@type":"type.googleapis.com/google.cloud.functions.v2.OperationMetadata","createTime":"2026-07-24T22:50:52.241509047Z","target":"projects/cobertores-web/locations/us-central1/functions/triggerNewsFetch","verb":"create","cancelRequested":false,"apiVersion":"v2","requestResource":{"@type":"type.googleapis.com/google.cloud.functions.v2.Function","name":"projects/cobertores-web/locations/us-central1/functions/triggerNewsFetch","buildConfig":{"runtime":"nodejs22","entryPoint":"triggerNewsFetch","source":{"storageSource":{"bucket":"gcf-v2-sources-406682059694-us-central1","object":"triggerNewsFetch/function-source.zip","generation":"1784933451956915"}},"environmentVariables":{"GOOGLE_NODE_RUN_SCRIPTS":""},"serviceAccount":"projects/cobertores-web/serviceAccounts/406682059694-compute@developer.gserviceaccount.com","automaticUpdatePolicy":{}},"serviceConfig":{"service":"projects/cobertores-web/locations/us-central1/services/triggernewsfetch","timeoutSeconds":60,"environmentVariables":{"FIREBASE_CONFIG":"{\"projectId\":\"cobertores-web\",\"storageBucket\":\"cobertores-web.firebasestorage.app\"}","GCLOUD_PROJECT":"cobertores-web","EVENTARC_CLOUD_EVENT_SOURCE":"projects/cobertores-web/locations/us-central1/services/triggerNewsFetch","FUNCTION_TARGET":"triggerNewsFetch","LOG_EXECUTION_ID":"true"},"ingressSettings":"ALLOW_ALL","serviceAccountEmail":"406682059694-compute@developer.gserviceaccount.com","availableMemory":"256Mi","maxInstanceRequestConcurrency":80,"availableCpu":"1"},"labels":{"deployment-tool":"cli-firebase","deployment-callable":"true","firebase-functions-hash":"c6ed3d0d7bfef0d430f1201215cb6bc8c060b823"},"environment":"GEN_2"},"stages":[{"name":"BUILD","message":"Build in progress","state":"IN_PROGRESS","resource":"projects/406682059694/locations/us-central1/builds/d7476711-8ef1-4503-999a-b7a24c764983","resourceUri":"https://console.cloud.google.com/cloud-build/builds;region=us-central1/d7476711-8ef1-4503-999a-b7a24c764983?project=406682059694"},{"name":"SERVICE","state":"NOT_STARTED"}],"operationType":"CREATE_FUNCTION","buildName":"projects/406682059694/locations/us-central1/builds/d7476711-8ef1-4503-999a-b7a24c764983"},"done":false}
[debug] [2026-07-24T22:51:00.561Z] [create-default-us-central1-triggerNewsFetch] Retrying task index 0
[debug] [2026-07-24T22:51:00.561Z] Checked if tokens are valid: true, expires at: 1784935964198
[debug] [2026-07-24T22:51:00.561Z] Checked if tokens are valid: true, expires at: 1784935964198
[debug] [2026-07-24T22:51:00.562Z] >>> [apiv2][query] GET https://cloudfunctions.googleapis.com/v2/projects/cobertores-web/locations/us-central1/operations/operation-1784933451700-6576334561836-ccba3050-7661855e [none]
[debug] [2026-07-24T22:51:00.759Z] <<< [apiv2][status] GET https://cloudfunctions.googleapis.com/v2/projects/cobertores-web/locations/us-central1/operations/operation-1784933451700-6576334561836-ccba3050-7661855e 200
[debug] [2026-07-24T22:51:00.759Z] <<< [apiv2][body] GET https://cloudfunctions.googleapis.com/v2/projects/cobertores-web/locations/us-central1/operations/operation-1784933451700-6576334561836-ccba3050-7661855e {"name":"projects/cobertores-web/locations/us-central1/operations/operation-1784933451700-6576334561836-ccba3050-7661855e","metadata":{"@type":"type.googleapis.com/google.cloud.functions.v2.OperationMetadata","createTime":"2026-07-24T22:50:52.241509047Z","target":"projects/cobertores-web/locations/us-central1/functions/triggerNewsFetch","verb":"create","cancelRequested":false,"apiVersion":"v2","requestResource":{"@type":"type.googleapis.com/google.cloud.functions.v2.Function","name":"projects/cobertores-web/locations/us-central1/functions/triggerNewsFetch","buildConfig":{"runtime":"nodejs22","entryPoint":"triggerNewsFetch","source":{"storageSource":{"bucket":"gcf-v2-sources-406682059694-us-central1","object":"triggerNewsFetch/function-source.zip","generation":"1784933451956915"}},"environmentVariables":{"GOOGLE_NODE_RUN_SCRIPTS":""},"serviceAccount":"projects/cobertores-web/serviceAccounts/406682059694-compute@developer.gserviceaccount.com","automaticUpdatePolicy":{}},"serviceConfig":{"service":"projects/cobertores-web/locations/us-central1/services/triggernewsfetch","timeoutSeconds":60,"environmentVariables":{"FIREBASE_CONFIG":"{\"projectId\":\"cobertores-web\",\"storageBucket\":\"cobertores-web.firebasestorage.app\"}","GCLOUD_PROJECT":"cobertores-web","EVENTARC_CLOUD_EVENT_SOURCE":"projects/cobertores-web/locations/us-central1/services/triggerNewsFetch","FUNCTION_TARGET":"triggerNewsFetch","LOG_EXECUTION_ID":"true"},"ingressSettings":"ALLOW_ALL","serviceAccountEmail":"406682059694-compute@developer.gserviceaccount.com","availableMemory":"256Mi","maxInstanceRequestConcurrency":80,"availableCpu":"1"},"labels":{"deployment-tool":"cli-firebase","deployment-callable":"true","firebase-functions-hash":"c6ed3d0d7bfef0d430f1201215cb6bc8c060b823"},"environment":"GEN_2"},"stages":[{"name":"BUILD","message":"Build in progress","state":"IN_PROGRESS","resource":"projects/406682059694/locations/us-central1/builds/d7476711-8ef1-4503-999a-b7a24c764983","resourceUri":"https://console.cloud.google.com/cloud-build/builds;region=us-central1/d7476711-8ef1-4503-999a-b7a24c764983?project=406682059694"},{"name":"SERVICE","state":"NOT_STARTED"}],"operationType":"CREATE_FUNCTION","buildName":"projects/406682059694/locations/us-central1/builds/d7476711-8ef1-4503-999a-b7a24c764983"},"done":false}
[debug] [2026-07-24T22:51:08.769Z] [create-default-us-central1-triggerNewsFetch] Retrying task index 0
[debug] [2026-07-24T22:51:08.770Z] Checked if tokens are valid: true, expires at: 1784935964198
[debug] [2026-07-24T22:51:08.770Z] Checked if tokens are valid: true, expires at: 1784935964198
[debug] [2026-07-24T22:51:08.770Z] >>> [apiv2][query] GET https://cloudfunctions.googleapis.com/v2/projects/cobertores-web/locations/us-central1/operations/operation-1784933451700-6576334561836-ccba3050-7661855e [none]
[debug] [2026-07-24T22:51:09.071Z] <<< [apiv2][status] GET https://cloudfunctions.googleapis.com/v2/projects/cobertores-web/locations/us-central1/operations/operation-1784933451700-6576334561836-ccba3050-7661855e 200
[debug] [2026-07-24T22:51:09.072Z] <<< [apiv2][body] GET https://cloudfunctions.googleapis.com/v2/projects/cobertores-web/locations/us-central1/operations/operation-1784933451700-6576334561836-ccba3050-7661855e {"name":"projects/cobertores-web/locations/us-central1/operations/operation-1784933451700-6576334561836-ccba3050-7661855e","metadata":{"@type":"type.googleapis.com/google.cloud.functions.v2.OperationMetadata","createTime":"2026-07-24T22:50:52.241509047Z","target":"projects/cobertores-web/locations/us-central1/functions/triggerNewsFetch","verb":"create","cancelRequested":false,"apiVersion":"v2","requestResource":{"@type":"type.googleapis.com/google.cloud.functions.v2.Function","name":"projects/cobertores-web/locations/us-central1/functions/triggerNewsFetch","buildConfig":{"runtime":"nodejs22","entryPoint":"triggerNewsFetch","source":{"storageSource":{"bucket":"gcf-v2-sources-406682059694-us-central1","object":"triggerNewsFetch/function-source.zip","generation":"1784933451956915"}},"environmentVariables":{"GOOGLE_NODE_RUN_SCRIPTS":""},"serviceAccount":"projects/cobertores-web/serviceAccounts/406682059694-compute@developer.gserviceaccount.com","automaticUpdatePolicy":{}},"serviceConfig":{"service":"projects/cobertores-web/locations/us-central1/services/triggernewsfetch","timeoutSeconds":60,"environmentVariables":{"FIREBASE_CONFIG":"{\"projectId\":\"cobertores-web\",\"storageBucket\":\"cobertores-web.firebasestorage.app\"}","GCLOUD_PROJECT":"cobertores-web","EVENTARC_CLOUD_EVENT_SOURCE":"projects/cobertores-web/locations/us-central1/services/triggerNewsFetch","FUNCTION_TARGET":"triggerNewsFetch","LOG_EXECUTION_ID":"true"},"ingressSettings":"ALLOW_ALL","serviceAccountEmail":"406682059694-compute@developer.gserviceaccount.com","availableMemory":"256Mi","maxInstanceRequestConcurrency":80,"availableCpu":"1"},"labels":{"deployment-tool":"cli-firebase","deployment-callable":"true","firebase-functions-hash":"c6ed3d0d7bfef0d430f1201215cb6bc8c060b823"},"environment":"GEN_2"},"stages":[{"name":"BUILD","message":"Build in progress","state":"IN_PROGRESS","resource":"projects/406682059694/locations/us-central1/builds/d7476711-8ef1-4503-999a-b7a24c764983","resourceUri":"https://console.cloud.google.com/cloud-build/builds;region=us-central1/d7476711-8ef1-4503-999a-b7a24c764983?project=406682059694"},{"name":"SERVICE","state":"NOT_STARTED"}],"operationType":"CREATE_FUNCTION","buildName":"projects/406682059694/locations/us-central1/builds/d7476711-8ef1-4503-999a-b7a24c764983"},"done":false}
[debug] [2026-07-24T22:51:19.086Z] [create-default-us-central1-triggerNewsFetch] Retrying task index 0
[debug] [2026-07-24T22:51:19.087Z] Checked if tokens are valid: true, expires at: 1784935964198
[debug] [2026-07-24T22:51:19.087Z] Checked if tokens are valid: true, expires at: 1784935964198
[debug] [2026-07-24T22:51:19.087Z] >>> [apiv2][query] GET https://cloudfunctions.googleapis.com/v2/projects/cobertores-web/locations/us-central1/operations/operation-1784933451700-6576334561836-ccba3050-7661855e [none]
[debug] [2026-07-24T22:51:19.393Z] <<< [apiv2][status] GET https://cloudfunctions.googleapis.com/v2/projects/cobertores-web/locations/us-central1/operations/operation-1784933451700-6576334561836-ccba3050-7661855e 200
[debug] [2026-07-24T22:51:19.393Z] <<< [apiv2][body] GET https://cloudfunctions.googleapis.com/v2/projects/cobertores-web/locations/us-central1/operations/operation-1784933451700-6576334561836-ccba3050-7661855e {"name":"projects/cobertores-web/locations/us-central1/operations/operation-1784933451700-6576334561836-ccba3050-7661855e","metadata":{"@type":"type.googleapis.com/google.cloud.functions.v2.OperationMetadata","createTime":"2026-07-24T22:50:52.241509047Z","target":"projects/cobertores-web/locations/us-central1/functions/triggerNewsFetch","verb":"create","cancelRequested":false,"apiVersion":"v2","requestResource":{"@type":"type.googleapis.com/google.cloud.functions.v2.Function","name":"projects/cobertores-web/locations/us-central1/functions/triggerNewsFetch","buildConfig":{"runtime":"nodejs22","entryPoint":"triggerNewsFetch","source":{"storageSource":{"bucket":"gcf-v2-sources-406682059694-us-central1","object":"triggerNewsFetch/function-source.zip","generation":"1784933451956915"}},"environmentVariables":{"GOOGLE_NODE_RUN_SCRIPTS":""},"serviceAccount":"projects/cobertores-web/serviceAccounts/406682059694-compute@developer.gserviceaccount.com","automaticUpdatePolicy":{}},"serviceConfig":{"service":"projects/cobertores-web/locations/us-central1/services/triggernewsfetch","timeoutSeconds":60,"environmentVariables":{"FIREBASE_CONFIG":"{\"projectId\":\"cobertores-web\",\"storageBucket\":\"cobertores-web.firebasestorage.app\"}","GCLOUD_PROJECT":"cobertores-web","EVENTARC_CLOUD_EVENT_SOURCE":"projects/cobertores-web/locations/us-central1/services/triggerNewsFetch","FUNCTION_TARGET":"triggerNewsFetch","LOG_EXECUTION_ID":"true"},"ingressSettings":"ALLOW_ALL","serviceAccountEmail":"406682059694-compute@developer.gserviceaccount.com","availableMemory":"256Mi","maxInstanceRequestConcurrency":80,"availableCpu":"1"},"labels":{"deployment-tool":"cli-firebase","deployment-callable":"true","firebase-functions-hash":"c6ed3d0d7bfef0d430f1201215cb6bc8c060b823"},"environment":"GEN_2"},"stages":[{"name":"BUILD","message":"Build in progress","state":"IN_PROGRESS","resource":"projects/406682059694/locations/us-central1/builds/d7476711-8ef1-4503-999a-b7a24c764983","resourceUri":"https://console.cloud.google.com/cloud-build/builds;region=us-central1/d7476711-8ef1-4503-999a-b7a24c764983?project=406682059694"},{"name":"SERVICE","state":"NOT_STARTED"}],"operationType":"CREATE_FUNCTION","buildName":"projects/406682059694/locations/us-central1/builds/d7476711-8ef1-4503-999a-b7a24c764983"},"done":false}
[debug] [2026-07-24T22:51:29.400Z] [create-default-us-central1-triggerNewsFetch] Retrying task index 0
[debug] [2026-07-24T22:51:29.401Z] Checked if tokens are valid: true, expires at: 1784935964198
[debug] [2026-07-24T22:51:29.401Z] Checked if tokens are valid: true, expires at: 1784935964198
[debug] [2026-07-24T22:51:29.401Z] >>> [apiv2][query] GET https://cloudfunctions.googleapis.com/v2/projects/cobertores-web/locations/us-central1/operations/operation-1784933451700-6576334561836-ccba3050-7661855e [none]
[debug] [2026-07-24T22:51:29.715Z] <<< [apiv2][status] GET https://cloudfunctions.googleapis.com/v2/projects/cobertores-web/locations/us-central1/operations/operation-1784933451700-6576334561836-ccba3050-7661855e 200
[debug] [2026-07-24T22:51:29.715Z] <<< [apiv2][body] GET https://cloudfunctions.googleapis.com/v2/projects/cobertores-web/locations/us-central1/operations/operation-1784933451700-6576334561836-ccba3050-7661855e {"name":"projects/cobertores-web/locations/us-central1/operations/operation-1784933451700-6576334561836-ccba3050-7661855e","metadata":{"@type":"type.googleapis.com/google.cloud.functions.v2.OperationMetadata","createTime":"2026-07-24T22:50:52.241509047Z","target":"projects/cobertores-web/locations/us-central1/functions/triggerNewsFetch","verb":"create","cancelRequested":false,"apiVersion":"v2","requestResource":{"@type":"type.googleapis.com/google.cloud.functions.v2.Function","name":"projects/cobertores-web/locations/us-central1/functions/triggerNewsFetch","buildConfig":{"runtime":"nodejs22","entryPoint":"triggerNewsFetch","source":{"storageSource":{"bucket":"gcf-v2-sources-406682059694-us-central1","object":"triggerNewsFetch/function-source.zip","generation":"1784933451956915"}},"environmentVariables":{"GOOGLE_NODE_RUN_SCRIPTS":""},"serviceAccount":"projects/cobertores-web/serviceAccounts/406682059694-compute@developer.gserviceaccount.com","automaticUpdatePolicy":{}},"serviceConfig":{"service":"projects/cobertores-web/locations/us-central1/services/triggernewsfetch","timeoutSeconds":60,"environmentVariables":{"FIREBASE_CONFIG":"{\"projectId\":\"cobertores-web\",\"storageBucket\":\"cobertores-web.firebasestorage.app\"}","GCLOUD_PROJECT":"cobertores-web","EVENTARC_CLOUD_EVENT_SOURCE":"projects/cobertores-web/locations/us-central1/services/triggerNewsFetch","FUNCTION_TARGET":"triggerNewsFetch","LOG_EXECUTION_ID":"true"},"ingressSettings":"ALLOW_ALL","serviceAccountEmail":"406682059694-compute@developer.gserviceaccount.com","availableMemory":"256Mi","maxInstanceRequestConcurrency":80,"availableCpu":"1"},"labels":{"deployment-tool":"cli-firebase","deployment-callable":"true","firebase-functions-hash":"c6ed3d0d7bfef0d430f1201215cb6bc8c060b823"},"environment":"GEN_2"},"stages":[{"name":"BUILD","message":"Build in progress","state":"IN_PROGRESS","resource":"projects/406682059694/locations/us-central1/builds/d7476711-8ef1-4503-999a-b7a24c764983","resourceUri":"https://console.cloud.google.com/cloud-build/builds;region=us-central1/d7476711-8ef1-4503-999a-b7a24c764983?project=406682059694"},{"name":"SERVICE","state":"NOT_STARTED"}],"operationType":"CREATE_FUNCTION","buildName":"projects/406682059694/locations/us-central1/builds/d7476711-8ef1-4503-999a-b7a24c764983"},"done":false}
[debug] [2026-07-24T22:51:39.719Z] [create-default-us-central1-triggerNewsFetch] Retrying task index 0
[debug] [2026-07-24T22:51:39.719Z] Checked if tokens are valid: true, expires at: 1784935964198
[debug] [2026-07-24T22:51:39.719Z] Checked if tokens are valid: true, expires at: 1784935964198
[debug] [2026-07-24T22:51:39.719Z] >>> [apiv2][query] GET https://cloudfunctions.googleapis.com/v2/projects/cobertores-web/locations/us-central1/operations/operation-1784933451700-6576334561836-ccba3050-7661855e [none]
[debug] [2026-07-24T22:51:40.014Z] <<< [apiv2][status] GET https://cloudfunctions.googleapis.com/v2/projects/cobertores-web/locations/us-central1/operations/operation-1784933451700-6576334561836-ccba3050-7661855e 200
[debug] [2026-07-24T22:51:40.014Z] <<< [apiv2][body] GET https://cloudfunctions.googleapis.com/v2/projects/cobertores-web/locations/us-central1/operations/operation-1784933451700-6576334561836-ccba3050-7661855e {"name":"projects/cobertores-web/locations/us-central1/operations/operation-1784933451700-6576334561836-ccba3050-7661855e","metadata":{"@type":"type.googleapis.com/google.cloud.functions.v2.OperationMetadata","createTime":"2026-07-24T22:50:52.241509047Z","target":"projects/cobertores-web/locations/us-central1/functions/triggerNewsFetch","verb":"create","cancelRequested":false,"apiVersion":"v2","requestResource":{"@type":"type.googleapis.com/google.cloud.functions.v2.Function","name":"projects/cobertores-web/locations/us-central1/functions/triggerNewsFetch","buildConfig":{"runtime":"nodejs22","entryPoint":"triggerNewsFetch","source":{"storageSource":{"bucket":"gcf-v2-sources-406682059694-us-central1","object":"triggerNewsFetch/function-source.zip","generation":"1784933451956915"}},"environmentVariables":{"GOOGLE_NODE_RUN_SCRIPTS":""},"serviceAccount":"projects/cobertores-web/serviceAccounts/406682059694-compute@developer.gserviceaccount.com","automaticUpdatePolicy":{}},"serviceConfig":{"service":"projects/cobertores-web/locations/us-central1/services/triggernewsfetch","timeoutSeconds":60,"environmentVariables":{"FIREBASE_CONFIG":"{\"projectId\":\"cobertores-web\",\"storageBucket\":\"cobertores-web.firebasestorage.app\"}","GCLOUD_PROJECT":"cobertores-web","EVENTARC_CLOUD_EVENT_SOURCE":"projects/cobertores-web/locations/us-central1/services/triggerNewsFetch","FUNCTION_TARGET":"triggerNewsFetch","LOG_EXECUTION_ID":"true"},"ingressSettings":"ALLOW_ALL","serviceAccountEmail":"406682059694-compute@developer.gserviceaccount.com","availableMemory":"256Mi","maxInstanceRequestConcurrency":80,"availableCpu":"1"},"labels":{"deployment-tool":"cli-firebase","deployment-callable":"true","firebase-functions-hash":"c6ed3d0d7bfef0d430f1201215cb6bc8c060b823"},"environment":"GEN_2"},"stages":[{"name":"BUILD","message":"Build finished","state":"COMPLETE","resource":"projects/406682059694/locations/us-central1/builds/d7476711-8ef1-4503-999a-b7a24c764983","resourceUri":"https://console.cloud.google.com/cloud-build/builds;region=us-central1/d7476711-8ef1-4503-999a-b7a24c764983?project=406682059694"},{"name":"SERVICE","message":"Creating Cloud Run service","state":"IN_PROGRESS","resource":"projects/cobertores-web/locations/us-central1/services/triggernewsfetch","resourceUri":"https://console.cloud.google.com/run/detail/us-central1/triggernewsfetch?project=cobertores-web"}],"sourceToken":"Cldwcm9qZWN0cy80MDY2ODIwNTk2OTQvbG9jYXRpb25zL3VzLWNlbnRyYWwxL2J1aWxkcy9kNzQ3NjcxMS04ZWYxLTQ1MDMtOTk5YS1iN2EyNGM3NjQ5ODMSc3VzLWNlbnRyYWwxLWRvY2tlci5wa2cuZGV2L2NvYmVydG9yZXMtd2ViL2djZi1hcnRpZmFjdHMvY29iZXJ0b3Jlcy0td2ViX191cy0tY2VudHJhbDFfX3RyaWdnZXJfbmV3c19mZXRjaDp2ZXJzaW9uXzEYroePgesLIkhwcm9qZWN0cy9jb2JlcnRvcmVzLXdlYi9sb2NhdGlvbnMvdXMtY2VudHJhbDEvZnVuY3Rpb25zL3RyaWdnZXJOZXdzRmV0Y2gqDAj72I/TBhD43ZqoAjIIbm9kZWpzMjI6dgojZ2NyLmlvL2dhZS1ydW50aW1lcy9ub2RlanMyMjpzdGFibGUST3VzLWNlbnRyYWwxLWRvY2tlci5wa2cuZGV2L3NlcnZlcmxlc3MtcnVudGltZXMvZ29vZ2xlLTIyLWZ1bGwvcnVudGltZXMvbm9kZWpzMjJAAQ==","operationType":"CREATE_FUNCTION","buildName":"projects/406682059694/locations/us-central1/builds/d7476711-8ef1-4503-999a-b7a24c764983"},"done":false}
[debug] [2026-07-24T22:51:40.014Z] Got source token Cldwcm9qZWN0cy80MDY2ODIwNTk2OTQvbG9jYXRpb25zL3VzLWNlbnRyYWwxL2J1aWxkcy9kNzQ3NjcxMS04ZWYxLTQ1MDMtOTk5YS1iN2EyNGM3NjQ5ODMSc3VzLWNlbnRyYWwxLWRvY2tlci5wa2cuZGV2L2NvYmVydG9yZXMtd2ViL2djZi1hcnRpZmFjdHMvY29iZXJ0b3Jlcy0td2ViX191cy0tY2VudHJhbDFfX3RyaWdnZXJfbmV3c19mZXRjaDp2ZXJzaW9uXzEYroePgesLIkhwcm9qZWN0cy9jb2JlcnRvcmVzLXdlYi9sb2NhdGlvbnMvdXMtY2VudHJhbDEvZnVuY3Rpb25zL3RyaWdnZXJOZXdzRmV0Y2gqDAj72I/TBhD43ZqoAjIIbm9kZWpzMjI6dgojZ2NyLmlvL2dhZS1ydW50aW1lcy9ub2RlanMyMjpzdGFibGUST3VzLWNlbnRyYWwxLWRvY2tlci5wa2cuZGV2L3NlcnZlcmxlc3MtcnVudGltZXMvZ29vZ2xlLTIyLWZ1bGwvcnVudGltZXMvbm9kZWpzMjJAAQ== for region us-central1
[debug] [2026-07-24T22:51:40.015Z] Checked if tokens are valid: true, expires at: 1784935964198
[debug] [2026-07-24T22:51:40.015Z] Checked if tokens are valid: true, expires at: 1784935964198
[debug] [2026-07-24T22:51:40.016Z] >>> [apiv2][query] PATCH https://cloudfunctions.googleapis.com/v2/projects/cobertores-web/locations/us-central1/functions/fetchNewsPeriodically updateMask=name%2CbuildConfig.runtime%2CbuildConfig.entryPoint%2CbuildConfig.source.storageSource.bucket%2CbuildConfig.source.storageSource.object%2CbuildConfig.environmentVariables%2CbuildConfig.sourceToken%2CserviceConfig.environmentVariables%2CserviceConfig.ingressSettings%2CserviceConfig.timeoutSeconds%2CserviceConfig.serviceAccountEmail%2CserviceConfig.availableMemory%2CserviceConfig.minInstanceCount%2CserviceConfig.maxInstanceCount%2CserviceConfig.maxInstanceRequestConcurrency%2CserviceConfig.availableCpu%2CserviceConfig.vpcConnector%2CserviceConfig.vpcConnectorEgressSettings%2CserviceConfig.directVpcNetworkInterface%2CserviceConfig.directVpcEgress%2Clabels
[debug] [2026-07-24T22:51:40.016Z] >>> [apiv2][body] PATCH https://cloudfunctions.googleapis.com/v2/projects/cobertores-web/locations/us-central1/functions/fetchNewsPeriodically {"name":"projects/cobertores-web/locations/us-central1/functions/fetchNewsPeriodically","buildConfig":{"runtime":"nodejs22","entryPoint":"fetchNewsPeriodically","source":{"storageSource":{"bucket":"gcf-v2-uploads-406682059694.us-central1.cloudfunctions.appspot.com","object":"ae40e1d8-c9f8-4f44-9972-6b3674a902ef.zip"}},"environmentVariables":{"GOOGLE_NODE_RUN_SCRIPTS":""},"sourceToken":"Cldwcm9qZWN0cy80MDY2ODIwNTk2OTQvbG9jYXRpb25zL3VzLWNlbnRyYWwxL2J1aWxkcy9kNzQ3NjcxMS04ZWYxLTQ1MDMtOTk5YS1iN2EyNGM3NjQ5ODMSc3VzLWNlbnRyYWwxLWRvY2tlci5wa2cuZGV2L2NvYmVydG9yZXMtd2ViL2djZi1hcnRpZmFjdHMvY29iZXJ0b3Jlcy0td2ViX191cy0tY2VudHJhbDFfX3RyaWdnZXJfbmV3c19mZXRjaDp2ZXJzaW9uXzEYroePgesLIkhwcm9qZWN0cy9jb2JlcnRvcmVzLXdlYi9sb2NhdGlvbnMvdXMtY2VudHJhbDEvZnVuY3Rpb25zL3RyaWdnZXJOZXdzRmV0Y2gqDAj72I/TBhD43ZqoAjIIbm9kZWpzMjI6dgojZ2NyLmlvL2dhZS1ydW50aW1lcy9ub2RlanMyMjpzdGFibGUST3VzLWNlbnRyYWwxLWRvY2tlci5wa2cuZGV2L3NlcnZlcmxlc3MtcnVudGltZXMvZ29vZ2xlLTIyLWZ1bGwvcnVudGltZXMvbm9kZWpzMjJAAQ=="},"serviceConfig":{"environmentVariables":{"FIREBASE_CONFIG":"{\"projectId\":\"cobertores-web\",\"storageBucket\":\"cobertores-web.firebasestorage.app\"}","GCLOUD_PROJECT":"cobertores-web","EVENTARC_CLOUD_EVENT_SOURCE":"projects/cobertores-web/locations/us-central1/services/fetchNewsPeriodically","FUNCTION_TARGET":"fetchNewsPeriodically","LOG_EXECUTION_ID":"true"},"ingressSettings":null,"timeoutSeconds":null,"serviceAccountEmail":null,"availableMemory":"256Mi","minInstanceCount":null,"maxInstanceCount":null,"maxInstanceRequestConcurrency":80,"availableCpu":"1","vpcConnector":null,"vpcConnectorEgressSettings":null,"directVpcNetworkInterface":null,"directVpcEgress":null},"labels":{"deployment-tool":"cli-firebase","deployment-scheduled":"true","firebase-functions-hash":"c6ed3d0d7bfef0d430f1201215cb6bc8c060b823"}}
[debug] [2026-07-24T22:51:41.297Z] <<< [apiv2][status] PATCH https://cloudfunctions.googleapis.com/v2/projects/cobertores-web/locations/us-central1/functions/fetchNewsPeriodically 200
[debug] [2026-07-24T22:51:41.297Z] <<< [apiv2][body] PATCH https://cloudfunctions.googleapis.com/v2/projects/cobertores-web/locations/us-central1/functions/fetchNewsPeriodically {"name":"projects/cobertores-web/locations/us-central1/operations/operation-1784933500268-65763373b2ffc-115da4bc-89b0577d","metadata":{"@type":"type.googleapis.com/google.cloud.functions.v2.OperationMetadata","createTime":"2026-07-24T22:51:41.303926575Z","target":"projects/cobertores-web/locations/us-central1/functions/fetchNewsPeriodically","verb":"update","cancelRequested":false,"apiVersion":"v2"},"done":false}
[debug] [2026-07-24T22:51:41.298Z] Checked if tokens are valid: true, expires at: 1784935964198
[debug] [2026-07-24T22:51:41.298Z] Checked if tokens are valid: true, expires at: 1784935964198
[debug] [2026-07-24T22:51:41.298Z] >>> [apiv2][query] GET https://cloudfunctions.googleapis.com/v2/projects/cobertores-web/locations/us-central1/operations/operation-1784933500268-65763373b2ffc-115da4bc-89b0577d [none]
[debug] [2026-07-24T22:51:41.524Z] <<< [apiv2][status] GET https://cloudfunctions.googleapis.com/v2/projects/cobertores-web/locations/us-central1/operations/operation-1784933500268-65763373b2ffc-115da4bc-89b0577d 200
[debug] [2026-07-24T22:51:41.524Z] <<< [apiv2][body] GET https://cloudfunctions.googleapis.com/v2/projects/cobertores-web/locations/us-central1/operations/operation-1784933500268-65763373b2ffc-115da4bc-89b0577d {"name":"projects/cobertores-web/locations/us-central1/operations/operation-1784933500268-65763373b2ffc-115da4bc-89b0577d","metadata":{"@type":"type.googleapis.com/google.cloud.functions.v2.OperationMetadata","createTime":"2026-07-24T22:51:41.303926575Z","target":"projects/cobertores-web/locations/us-central1/functions/fetchNewsPeriodically","verb":"update","cancelRequested":false,"apiVersion":"v2","requestResource":{"@type":"type.googleapis.com/google.cloud.functions.v2.Function","name":"projects/cobertores-web/locations/us-central1/functions/fetchNewsPeriodically","buildConfig":{"runtime":"nodejs22","entryPoint":"fetchNewsPeriodically","source":{"storageSource":{"bucket":"gcf-v2-sources-406682059694-us-central1","object":"fetchNewsPeriodically/function-source.zip","generation":"1784933501237704"}},"environmentVariables":{"GOOGLE_NODE_RUN_SCRIPTS":""},"dockerRepository":"projects/cobertores-web/locations/us-central1/repositories/gcf-artifacts","sourceProvenance":{"resolvedStorageSource":{"bucket":"gcf-v2-sources-406682059694-us-central1","object":"fetchNewsPeriodically/function-source.zip","generation":"1784923661652222"}},"dockerRegistry":"ARTIFACT_REGISTRY","sourceToken":"Cldwcm9qZWN0cy80MDY2ODIwNTk2OTQvbG9jYXRpb25zL3VzLWNlbnRyYWwxL2J1aWxkcy9kNzQ3NjcxMS04ZWYxLTQ1MDMtOTk5YS1iN2EyNGM3NjQ5ODMSc3VzLWNlbnRyYWwxLWRvY2tlci5wa2cuZGV2L2NvYmVydG9yZXMtd2ViL2djZi1hcnRpZmFjdHMvY29iZXJ0b3Jlcy0td2ViX191cy0tY2VudHJhbDFfX3RyaWdnZXJfbmV3c19mZXRjaDp2ZXJzaW9uXzEYroePgesLIkhwcm9qZWN0cy9jb2JlcnRvcmVzLXdlYi9sb2NhdGlvbnMvdXMtY2VudHJhbDEvZnVuY3Rpb25zL3RyaWdnZXJOZXdzRmV0Y2gqDAj72I/TBhD43ZqoAjIIbm9kZWpzMjI6dgojZ2NyLmlvL2dhZS1ydW50aW1lcy9ub2RlanMyMjpzdGFibGUST3VzLWNlbnRyYWwxLWRvY2tlci5wa2cuZGV2L3NlcnZlcmxlc3MtcnVudGltZXMvZ29vZ2xlLTIyLWZ1bGwvcnVudGltZXMvbm9kZWpzMjJAAQ==","serviceAccount":"projects/cobertores-web/serviceAccounts/406682059694-compute@developer.gserviceaccount.com","automaticUpdatePolicy":{}},"serviceConfig":{"service":"projects/cobertores-web/locations/us-central1/services/fetchnewsperiodically","timeoutSeconds":60,"environmentVariables":{"FIREBASE_CONFIG":"{\"projectId\":\"cobertores-web\",\"storageBucket\":\"cobertores-web.firebasestorage.app\"}","GCLOUD_PROJECT":"cobertores-web","EVENTARC_CLOUD_EVENT_SOURCE":"projects/cobertores-web/locations/us-central1/services/fetchNewsPeriodically","FUNCTION_TARGET":"fetchNewsPeriodically","LOG_EXECUTION_ID":"true","FUNCTION_SIGNATURE_TYPE":"http"},"ingressSettings":"ALLOW_ALL","uri":"https://fetchnewsperiodically-ushzvpam6a-uc.a.run.app","serviceAccountEmail":"406682059694-compute@developer.gserviceaccount.com","availableMemory":"256Mi","allTrafficOnLatestRevision":true,"revision":"fetchnewsperiodically-00002-sit","maxInstanceRequestConcurrency":80,"availableCpu":"1"},"state":"ACTIVE","labels":{"deployment-tool":"cloudfunctions","deployment-scheduled":"true","firebase-functions-hash":"c6ed3d0d7bfef0d430f1201215cb6bc8c060b823"},"environment":"GEN_2","url":"https://us-central1-cobertores-web.cloudfunctions.net/fetchNewsPeriodically","satisfiesPzi":true},"stages":[{"name":"BUILD","state":"NOT_STARTED"},{"name":"SERVICE","state":"NOT_STARTED"}],"sourceToken":"Cldwcm9qZWN0cy80MDY2ODIwNTk2OTQvbG9jYXRpb25zL3VzLWNlbnRyYWwxL2J1aWxkcy9kNzQ3NjcxMS04ZWYxLTQ1MDMtOTk5YS1iN2EyNGM3NjQ5ODMSc3VzLWNlbnRyYWwxLWRvY2tlci5wa2cuZGV2L2NvYmVydG9yZXMtd2ViL2djZi1hcnRpZmFjdHMvY29iZXJ0b3Jlcy0td2ViX191cy0tY2VudHJhbDFfX3RyaWdnZXJfbmV3c19mZXRjaDp2ZXJzaW9uXzEYroePgesLIkhwcm9qZWN0cy9jb2JlcnRvcmVzLXdlYi9sb2NhdGlvbnMvdXMtY2VudHJhbDEvZnVuY3Rpb25zL3RyaWdnZXJOZXdzRmV0Y2gqDAj72I/TBhD43ZqoAjIIbm9kZWpzMjI6dgojZ2NyLmlvL2dhZS1ydW50aW1lcy9ub2RlanMyMjpzdGFibGUST3VzLWNlbnRyYWwxLWRvY2tlci5wa2cuZGV2L3NlcnZlcmxlc3MtcnVudGltZXMvZ29vZ2xlLTIyLWZ1bGwvcnVudGltZXMvbm9kZWpzMjJAAQ==","operationType":"UPDATE_FUNCTION"},"done":false}
[debug] [2026-07-24T22:51:41.525Z] Got source token Cldwcm9qZWN0cy80MDY2ODIwNTk2OTQvbG9jYXRpb25zL3VzLWNlbnRyYWwxL2J1aWxkcy9kNzQ3NjcxMS04ZWYxLTQ1MDMtOTk5YS1iN2EyNGM3NjQ5ODMSc3VzLWNlbnRyYWwxLWRvY2tlci5wa2cuZGV2L2NvYmVydG9yZXMtd2ViL2djZi1hcnRpZmFjdHMvY29iZXJ0b3Jlcy0td2ViX191cy0tY2VudHJhbDFfX3RyaWdnZXJfbmV3c19mZXRjaDp2ZXJzaW9uXzEYroePgesLIkhwcm9qZWN0cy9jb2JlcnRvcmVzLXdlYi9sb2NhdGlvbnMvdXMtY2VudHJhbDEvZnVuY3Rpb25zL3RyaWdnZXJOZXdzRmV0Y2gqDAj72I/TBhD43ZqoAjIIbm9kZWpzMjI6dgojZ2NyLmlvL2dhZS1ydW50aW1lcy9ub2RlanMyMjpzdGFibGUST3VzLWNlbnRyYWwxLWRvY2tlci5wa2cuZGV2L3NlcnZlcmxlc3MtcnVudGltZXMvZ29vZ2xlLTIyLWZ1bGwvcnVudGltZXMvbm9kZWpzMjJAAQ== for region us-central1
[debug] [2026-07-24T22:51:42.035Z] [update-default-us-central1-fetchNewsPeriodically] Retrying task index 0
[debug] [2026-07-24T22:51:42.035Z] Checked if tokens are valid: true, expires at: 1784935964198
[debug] [2026-07-24T22:51:42.035Z] Checked if tokens are valid: true, expires at: 1784935964198
[debug] [2026-07-24T22:51:42.036Z] >>> [apiv2][query] GET https://cloudfunctions.googleapis.com/v2/projects/cobertores-web/locations/us-central1/operations/operation-1784933500268-65763373b2ffc-115da4bc-89b0577d [none]
[debug] [2026-07-24T22:51:42.261Z] <<< [apiv2][status] GET https://cloudfunctions.googleapis.com/v2/projects/cobertores-web/locations/us-central1/operations/operation-1784933500268-65763373b2ffc-115da4bc-89b0577d 200
[debug] [2026-07-24T22:51:42.261Z] <<< [apiv2][body] GET https://cloudfunctions.googleapis.com/v2/projects/cobertores-web/locations/us-central1/operations/operation-1784933500268-65763373b2ffc-115da4bc-89b0577d {"name":"projects/cobertores-web/locations/us-central1/operations/operation-1784933500268-65763373b2ffc-115da4bc-89b0577d","metadata":{"@type":"type.googleapis.com/google.cloud.functions.v2.OperationMetadata","createTime":"2026-07-24T22:51:41.303926575Z","target":"projects/cobertores-web/locations/us-central1/functions/fetchNewsPeriodically","verb":"update","cancelRequested":false,"apiVersion":"v2","requestResource":{"@type":"type.googleapis.com/google.cloud.functions.v2.Function","name":"projects/cobertores-web/locations/us-central1/functions/fetchNewsPeriodically","buildConfig":{"runtime":"nodejs22","entryPoint":"fetchNewsPeriodically","source":{"storageSource":{"bucket":"gcf-v2-sources-406682059694-us-central1","object":"fetchNewsPeriodically/function-source.zip","generation":"1784933501237704"}},"environmentVariables":{"GOOGLE_NODE_RUN_SCRIPTS":""},"dockerRepository":"projects/cobertores-web/locations/us-central1/repositories/gcf-artifacts","sourceProvenance":{"resolvedStorageSource":{"bucket":"gcf-v2-sources-406682059694-us-central1","object":"fetchNewsPeriodically/function-source.zip","generation":"1784923661652222"}},"dockerRegistry":"ARTIFACT_REGISTRY","sourceToken":"Cldwcm9qZWN0cy80MDY2ODIwNTk2OTQvbG9jYXRpb25zL3VzLWNlbnRyYWwxL2J1aWxkcy9kNzQ3NjcxMS04ZWYxLTQ1MDMtOTk5YS1iN2EyNGM3NjQ5ODMSc3VzLWNlbnRyYWwxLWRvY2tlci5wa2cuZGV2L2NvYmVydG9yZXMtd2ViL2djZi1hcnRpZmFjdHMvY29iZXJ0b3Jlcy0td2ViX191cy0tY2VudHJhbDFfX3RyaWdnZXJfbmV3c19mZXRjaDp2ZXJzaW9uXzEYroePgesLIkhwcm9qZWN0cy9jb2JlcnRvcmVzLXdlYi9sb2NhdGlvbnMvdXMtY2VudHJhbDEvZnVuY3Rpb25zL3RyaWdnZXJOZXdzRmV0Y2gqDAj72I/TBhD43ZqoAjIIbm9kZWpzMjI6dgojZ2NyLmlvL2dhZS1ydW50aW1lcy9ub2RlanMyMjpzdGFibGUST3VzLWNlbnRyYWwxLWRvY2tlci5wa2cuZGV2L3NlcnZlcmxlc3MtcnVudGltZXMvZ29vZ2xlLTIyLWZ1bGwvcnVudGltZXMvbm9kZWpzMjJAAQ==","serviceAccount":"projects/cobertores-web/serviceAccounts/406682059694-compute@developer.gserviceaccount.com","automaticUpdatePolicy":{}},"serviceConfig":{"service":"projects/cobertores-web/locations/us-central1/services/fetchnewsperiodically","timeoutSeconds":60,"environmentVariables":{"FIREBASE_CONFIG":"{\"projectId\":\"cobertores-web\",\"storageBucket\":\"cobertores-web.firebasestorage.app\"}","GCLOUD_PROJECT":"cobertores-web","EVENTARC_CLOUD_EVENT_SOURCE":"projects/cobertores-web/locations/us-central1/services/fetchNewsPeriodically","FUNCTION_TARGET":"fetchNewsPeriodically","LOG_EXECUTION_ID":"true","FUNCTION_SIGNATURE_TYPE":"http"},"ingressSettings":"ALLOW_ALL","uri":"https://fetchnewsperiodically-ushzvpam6a-uc.a.run.app","serviceAccountEmail":"406682059694-compute@developer.gserviceaccount.com","availableMemory":"256Mi","allTrafficOnLatestRevision":true,"revision":"fetchnewsperiodically-00002-sit","maxInstanceRequestConcurrency":80,"availableCpu":"1"},"state":"ACTIVE","labels":{"deployment-tool":"cloudfunctions","deployment-scheduled":"true","firebase-functions-hash":"c6ed3d0d7bfef0d430f1201215cb6bc8c060b823"},"environment":"GEN_2","url":"https://us-central1-cobertores-web.cloudfunctions.net/fetchNewsPeriodically","satisfiesPzi":true},"stages":[{"name":"BUILD","message":"Reusing build","state":"COMPLETE","resource":"projects/406682059694/locations/us-central1/builds/d7476711-8ef1-4503-999a-b7a24c764983"},{"name":"SERVICE","message":"Updating Cloud Run service","state":"IN_PROGRESS","resource":"projects/cobertores-web/locations/us-central1/services/fetchnewsperiodically","resourceUri":"https://console.cloud.google.com/run/detail/us-central1/fetchnewsperiodically?project=cobertores-web","stateMessages":[{"severity":"INFO","type":"CloudRunServiceNewRevisionTrafficInfo","message":"A new revision will be deployed serving with 100% traffic."}]}],"sourceToken":"Cldwcm9qZWN0cy80MDY2ODIwNTk2OTQvbG9jYXRpb25zL3VzLWNlbnRyYWwxL2J1aWxkcy9kNzQ3NjcxMS04ZWYxLTQ1MDMtOTk5YS1iN2EyNGM3NjQ5ODMSc3VzLWNlbnRyYWwxLWRvY2tlci5wa2cuZGV2L2NvYmVydG9yZXMtd2ViL2djZi1hcnRpZmFjdHMvY29iZXJ0b3Jlcy0td2ViX191cy0tY2VudHJhbDFfX3RyaWdnZXJfbmV3c19mZXRjaDp2ZXJzaW9uXzEYroePgesLIkhwcm9qZWN0cy9jb2JlcnRvcmVzLXdlYi9sb2NhdGlvbnMvdXMtY2VudHJhbDEvZnVuY3Rpb25zL3RyaWdnZXJOZXdzRmV0Y2gqDAj72I/TBhD43ZqoAjIIbm9kZWpzMjI6dgojZ2NyLmlvL2dhZS1ydW50aW1lcy9ub2RlanMyMjpzdGFibGUST3VzLWNlbnRyYWwxLWRvY2tlci5wa2cuZGV2L3NlcnZlcmxlc3MtcnVudGltZXMvZ29vZ2xlLTIyLWZ1bGwvcnVudGltZXMvbm9kZWpzMjJAAQ==","operationType":"UPDATE_FUNCTION","buildName":"projects/406682059694/locations/us-central1/builds/d7476711-8ef1-4503-999a-b7a24c764983"},"done":false}
[debug] [2026-07-24T22:51:42.262Z] Got source token Cldwcm9qZWN0cy80MDY2ODIwNTk2OTQvbG9jYXRpb25zL3VzLWNlbnRyYWwxL2J1aWxkcy9kNzQ3NjcxMS04ZWYxLTQ1MDMtOTk5YS1iN2EyNGM3NjQ5ODMSc3VzLWNlbnRyYWwxLWRvY2tlci5wa2cuZGV2L2NvYmVydG9yZXMtd2ViL2djZi1hcnRpZmFjdHMvY29iZXJ0b3Jlcy0td2ViX191cy0tY2VudHJhbDFfX3RyaWdnZXJfbmV3c19mZXRjaDp2ZXJzaW9uXzEYroePgesLIkhwcm9qZWN0cy9jb2JlcnRvcmVzLXdlYi9sb2NhdGlvbnMvdXMtY2VudHJhbDEvZnVuY3Rpb25zL3RyaWdnZXJOZXdzRmV0Y2gqDAj72I/TBhD43ZqoAjIIbm9kZWpzMjI6dgojZ2NyLmlvL2dhZS1ydW50aW1lcy9ub2RlanMyMjpzdGFibGUST3VzLWNlbnRyYWwxLWRvY2tlci5wa2cuZGV2L3NlcnZlcmxlc3MtcnVudGltZXMvZ29vZ2xlLTIyLWZ1bGwvcnVudGltZXMvbm9kZWpzMjJAAQ== for region us-central1
[debug] [2026-07-24T22:51:43.276Z] [update-default-us-central1-fetchNewsPeriodically] Retrying task index 0
[debug] [2026-07-24T22:51:43.276Z] Checked if tokens are valid: true, expires at: 1784935964198
[debug] [2026-07-24T22:51:43.277Z] Checked if tokens are valid: true, expires at: 1784935964198
[debug] [2026-07-24T22:51:43.277Z] >>> [apiv2][query] GET https://cloudfunctions.googleapis.com/v2/projects/cobertores-web/locations/us-central1/operations/operation-1784933500268-65763373b2ffc-115da4bc-89b0577d [none]
[debug] [2026-07-24T22:51:43.530Z] <<< [apiv2][status] GET https://cloudfunctions.googleapis.com/v2/projects/cobertores-web/locations/us-central1/operations/operation-1784933500268-65763373b2ffc-115da4bc-89b0577d 200
[debug] [2026-07-24T22:51:43.531Z] <<< [apiv2][body] GET https://cloudfunctions.googleapis.com/v2/projects/cobertores-web/locations/us-central1/operations/operation-1784933500268-65763373b2ffc-115da4bc-89b0577d {"name":"projects/cobertores-web/locations/us-central1/operations/operation-1784933500268-65763373b2ffc-115da4bc-89b0577d","metadata":{"@type":"type.googleapis.com/google.cloud.functions.v2.OperationMetadata","createTime":"2026-07-24T22:51:41.303926575Z","target":"projects/cobertores-web/locations/us-central1/functions/fetchNewsPeriodically","verb":"update","cancelRequested":false,"apiVersion":"v2","requestResource":{"@type":"type.googleapis.com/google.cloud.functions.v2.Function","name":"projects/cobertores-web/locations/us-central1/functions/fetchNewsPeriodically","buildConfig":{"runtime":"nodejs22","entryPoint":"fetchNewsPeriodically","source":{"storageSource":{"bucket":"gcf-v2-sources-406682059694-us-central1","object":"fetchNewsPeriodically/function-source.zip","generation":"1784933501237704"}},"environmentVariables":{"GOOGLE_NODE_RUN_SCRIPTS":""},"dockerRepository":"projects/cobertores-web/locations/us-central1/repositories/gcf-artifacts","sourceProvenance":{"resolvedStorageSource":{"bucket":"gcf-v2-sources-406682059694-us-central1","object":"fetchNewsPeriodically/function-source.zip","generation":"1784923661652222"}},"dockerRegistry":"ARTIFACT_REGISTRY","sourceToken":"Cldwcm9qZWN0cy80MDY2ODIwNTk2OTQvbG9jYXRpb25zL3VzLWNlbnRyYWwxL2J1aWxkcy9kNzQ3NjcxMS04ZWYxLTQ1MDMtOTk5YS1iN2EyNGM3NjQ5ODMSc3VzLWNlbnRyYWwxLWRvY2tlci5wa2cuZGV2L2NvYmVydG9yZXMtd2ViL2djZi1hcnRpZmFjdHMvY29iZXJ0b3Jlcy0td2ViX191cy0tY2VudHJhbDFfX3RyaWdnZXJfbmV3c19mZXRjaDp2ZXJzaW9uXzEYroePgesLIkhwcm9qZWN0cy9jb2JlcnRvcmVzLXdlYi9sb2NhdGlvbnMvdXMtY2VudHJhbDEvZnVuY3Rpb25zL3RyaWdnZXJOZXdzRmV0Y2gqDAj72I/TBhD43ZqoAjIIbm9kZWpzMjI6dgojZ2NyLmlvL2dhZS1ydW50aW1lcy9ub2RlanMyMjpzdGFibGUST3VzLWNlbnRyYWwxLWRvY2tlci5wa2cuZGV2L3NlcnZlcmxlc3MtcnVudGltZXMvZ29vZ2xlLTIyLWZ1bGwvcnVudGltZXMvbm9kZWpzMjJAAQ==","serviceAccount":"projects/cobertores-web/serviceAccounts/406682059694-compute@developer.gserviceaccount.com","automaticUpdatePolicy":{}},"serviceConfig":{"service":"projects/cobertores-web/locations/us-central1/services/fetchnewsperiodically","timeoutSeconds":60,"environmentVariables":{"FIREBASE_CONFIG":"{\"projectId\":\"cobertores-web\",\"storageBucket\":\"cobertores-web.firebasestorage.app\"}","GCLOUD_PROJECT":"cobertores-web","EVENTARC_CLOUD_EVENT_SOURCE":"projects/cobertores-web/locations/us-central1/services/fetchNewsPeriodically","FUNCTION_TARGET":"fetchNewsPeriodically","LOG_EXECUTION_ID":"true","FUNCTION_SIGNATURE_TYPE":"http"},"ingressSettings":"ALLOW_ALL","uri":"https://fetchnewsperiodically-ushzvpam6a-uc.a.run.app","serviceAccountEmail":"406682059694-compute@developer.gserviceaccount.com","availableMemory":"256Mi","allTrafficOnLatestRevision":true,"revision":"fetchnewsperiodically-00002-sit","maxInstanceRequestConcurrency":80,"availableCpu":"1"},"state":"ACTIVE","labels":{"deployment-tool":"cloudfunctions","deployment-scheduled":"true","firebase-functions-hash":"c6ed3d0d7bfef0d430f1201215cb6bc8c060b823"},"environment":"GEN_2","url":"https://us-central1-cobertores-web.cloudfunctions.net/fetchNewsPeriodically","satisfiesPzi":true},"stages":[{"name":"BUILD","message":"Reusing build","state":"COMPLETE","resource":"projects/406682059694/locations/us-central1/builds/d7476711-8ef1-4503-999a-b7a24c764983"},{"name":"SERVICE","message":"Updating Cloud Run service","state":"IN_PROGRESS","resource":"projects/cobertores-web/locations/us-central1/services/fetchnewsperiodically","resourceUri":"https://console.cloud.google.com/run/detail/us-central1/fetchnewsperiodically?project=cobertores-web","stateMessages":[{"severity":"INFO","type":"CloudRunServiceNewRevisionTrafficInfo","message":"A new revision will be deployed serving with 100% traffic."}]}],"sourceToken":"Cldwcm9qZWN0cy80MDY2ODIwNTk2OTQvbG9jYXRpb25zL3VzLWNlbnRyYWwxL2J1aWxkcy9kNzQ3NjcxMS04ZWYxLTQ1MDMtOTk5YS1iN2EyNGM3NjQ5ODMSc3VzLWNlbnRyYWwxLWRvY2tlci5wa2cuZGV2L2NvYmVydG9yZXMtd2ViL2djZi1hcnRpZmFjdHMvY29iZXJ0b3Jlcy0td2ViX191cy0tY2VudHJhbDFfX3RyaWdnZXJfbmV3c19mZXRjaDp2ZXJzaW9uXzEYroePgesLIkhwcm9qZWN0cy9jb2JlcnRvcmVzLXdlYi9sb2NhdGlvbnMvdXMtY2VudHJhbDEvZnVuY3Rpb25zL3RyaWdnZXJOZXdzRmV0Y2gqDAj72I/TBhD43ZqoAjIIbm9kZWpzMjI6dgojZ2NyLmlvL2dhZS1ydW50aW1lcy9ub2RlanMyMjpzdGFibGUST3VzLWNlbnRyYWwxLWRvY2tlci5wa2cuZGV2L3NlcnZlcmxlc3MtcnVudGltZXMvZ29vZ2xlLTIyLWZ1bGwvcnVudGltZXMvbm9kZWpzMjJAAQ==","operationType":"UPDATE_FUNCTION","buildName":"projects/406682059694/locations/us-central1/builds/d7476711-8ef1-4503-999a-b7a24c764983"},"done":false}
[debug] [2026-07-24T22:51:43.531Z] Got source token Cldwcm9qZWN0cy80MDY2ODIwNTk2OTQvbG9jYXRpb25zL3VzLWNlbnRyYWwxL2J1aWxkcy9kNzQ3NjcxMS04ZWYxLTQ1MDMtOTk5YS1iN2EyNGM3NjQ5ODMSc3VzLWNlbnRyYWwxLWRvY2tlci5wa2cuZGV2L2NvYmVydG9yZXMtd2ViL2djZi1hcnRpZmFjdHMvY29iZXJ0b3Jlcy0td2ViX191cy0tY2VudHJhbDFfX3RyaWdnZXJfbmV3c19mZXRjaDp2ZXJzaW9uXzEYroePgesLIkhwcm9qZWN0cy9jb2JlcnRvcmVzLXdlYi9sb2NhdGlvbnMvdXMtY2VudHJhbDEvZnVuY3Rpb25zL3RyaWdnZXJOZXdzRmV0Y2gqDAj72I/TBhD43ZqoAjIIbm9kZWpzMjI6dgojZ2NyLmlvL2dhZS1ydW50aW1lcy9ub2RlanMyMjpzdGFibGUST3VzLWNlbnRyYWwxLWRvY2tlci5wa2cuZGV2L3NlcnZlcmxlc3MtcnVudGltZXMvZ29vZ2xlLTIyLWZ1bGwvcnVudGltZXMvbm9kZWpzMjJAAQ== for region us-central1
[debug] [2026-07-24T22:51:45.534Z] [update-default-us-central1-fetchNewsPeriodically] Retrying task index 0
[debug] [2026-07-24T22:51:45.535Z] Checked if tokens are valid: true, expires at: 1784935964198
[debug] [2026-07-24T22:51:45.535Z] Checked if tokens are valid: true, expires at: 1784935964198
[debug] [2026-07-24T22:51:45.535Z] >>> [apiv2][query] GET https://cloudfunctions.googleapis.com/v2/projects/cobertores-web/locations/us-central1/operations/operation-1784933500268-65763373b2ffc-115da4bc-89b0577d [none]
[debug] [2026-07-24T22:51:45.746Z] <<< [apiv2][status] GET https://cloudfunctions.googleapis.com/v2/projects/cobertores-web/locations/us-central1/operations/operation-1784933500268-65763373b2ffc-115da4bc-89b0577d 200
[debug] [2026-07-24T22:51:45.746Z] <<< [apiv2][body] GET https://cloudfunctions.googleapis.com/v2/projects/cobertores-web/locations/us-central1/operations/operation-1784933500268-65763373b2ffc-115da4bc-89b0577d {"name":"projects/cobertores-web/locations/us-central1/operations/operation-1784933500268-65763373b2ffc-115da4bc-89b0577d","metadata":{"@type":"type.googleapis.com/google.cloud.functions.v2.OperationMetadata","createTime":"2026-07-24T22:51:41.303926575Z","target":"projects/cobertores-web/locations/us-central1/functions/fetchNewsPeriodically","verb":"update","cancelRequested":false,"apiVersion":"v2","requestResource":{"@type":"type.googleapis.com/google.cloud.functions.v2.Function","name":"projects/cobertores-web/locations/us-central1/functions/fetchNewsPeriodically","buildConfig":{"runtime":"nodejs22","entryPoint":"fetchNewsPeriodically","source":{"storageSource":{"bucket":"gcf-v2-sources-406682059694-us-central1","object":"fetchNewsPeriodically/function-source.zip","generation":"1784933501237704"}},"environmentVariables":{"GOOGLE_NODE_RUN_SCRIPTS":""},"dockerRepository":"projects/cobertores-web/locations/us-central1/repositories/gcf-artifacts","sourceProvenance":{"resolvedStorageSource":{"bucket":"gcf-v2-sources-406682059694-us-central1","object":"fetchNewsPeriodically/function-source.zip","generation":"1784923661652222"}},"dockerRegistry":"ARTIFACT_REGISTRY","sourceToken":"Cldwcm9qZWN0cy80MDY2ODIwNTk2OTQvbG9jYXRpb25zL3VzLWNlbnRyYWwxL2J1aWxkcy9kNzQ3NjcxMS04ZWYxLTQ1MDMtOTk5YS1iN2EyNGM3NjQ5ODMSc3VzLWNlbnRyYWwxLWRvY2tlci5wa2cuZGV2L2NvYmVydG9yZXMtd2ViL2djZi1hcnRpZmFjdHMvY29iZXJ0b3Jlcy0td2ViX191cy0tY2VudHJhbDFfX3RyaWdnZXJfbmV3c19mZXRjaDp2ZXJzaW9uXzEYroePgesLIkhwcm9qZWN0cy9jb2JlcnRvcmVzLXdlYi9sb2NhdGlvbnMvdXMtY2VudHJhbDEvZnVuY3Rpb25zL3RyaWdnZXJOZXdzRmV0Y2gqDAj72I/TBhD43ZqoAjIIbm9kZWpzMjI6dgojZ2NyLmlvL2dhZS1ydW50aW1lcy9ub2RlanMyMjpzdGFibGUST3VzLWNlbnRyYWwxLWRvY2tlci5wa2cuZGV2L3NlcnZlcmxlc3MtcnVudGltZXMvZ29vZ2xlLTIyLWZ1bGwvcnVudGltZXMvbm9kZWpzMjJAAQ==","serviceAccount":"projects/cobertores-web/serviceAccounts/406682059694-compute@developer.gserviceaccount.com","automaticUpdatePolicy":{}},"serviceConfig":{"service":"projects/cobertores-web/locations/us-central1/services/fetchnewsperiodically","timeoutSeconds":60,"environmentVariables":{"FIREBASE_CONFIG":"{\"projectId\":\"cobertores-web\",\"storageBucket\":\"cobertores-web.firebasestorage.app\"}","GCLOUD_PROJECT":"cobertores-web","EVENTARC_CLOUD_EVENT_SOURCE":"projects/cobertores-web/locations/us-central1/services/fetchNewsPeriodically","FUNCTION_TARGET":"fetchNewsPeriodically","LOG_EXECUTION_ID":"true","FUNCTION_SIGNATURE_TYPE":"http"},"ingressSettings":"ALLOW_ALL","uri":"https://fetchnewsperiodically-ushzvpam6a-uc.a.run.app","serviceAccountEmail":"406682059694-compute@developer.gserviceaccount.com","availableMemory":"256Mi","allTrafficOnLatestRevision":true,"revision":"fetchnewsperiodically-00002-sit","maxInstanceRequestConcurrency":80,"availableCpu":"1"},"state":"ACTIVE","labels":{"deployment-tool":"cloudfunctions","deployment-scheduled":"true","firebase-functions-hash":"c6ed3d0d7bfef0d430f1201215cb6bc8c060b823"},"environment":"GEN_2","url":"https://us-central1-cobertores-web.cloudfunctions.net/fetchNewsPeriodically","satisfiesPzi":true},"stages":[{"name":"BUILD","message":"Reusing build","state":"COMPLETE","resource":"projects/406682059694/locations/us-central1/builds/d7476711-8ef1-4503-999a-b7a24c764983"},{"name":"SERVICE","message":"Updating Cloud Run service","state":"IN_PROGRESS","resource":"projects/cobertores-web/locations/us-central1/services/fetchnewsperiodically","resourceUri":"https://console.cloud.google.com/run/detail/us-central1/fetchnewsperiodically?project=cobertores-web","stateMessages":[{"severity":"INFO","type":"CloudRunServiceNewRevisionTrafficInfo","message":"A new revision will be deployed serving with 100% traffic."}]}],"sourceToken":"Cldwcm9qZWN0cy80MDY2ODIwNTk2OTQvbG9jYXRpb25zL3VzLWNlbnRyYWwxL2J1aWxkcy9kNzQ3NjcxMS04ZWYxLTQ1MDMtOTk5YS1iN2EyNGM3NjQ5ODMSc3VzLWNlbnRyYWwxLWRvY2tlci5wa2cuZGV2L2NvYmVydG9yZXMtd2ViL2djZi1hcnRpZmFjdHMvY29iZXJ0b3Jlcy0td2ViX191cy0tY2VudHJhbDFfX3RyaWdnZXJfbmV3c19mZXRjaDp2ZXJzaW9uXzEYroePgesLIkhwcm9qZWN0cy9jb2JlcnRvcmVzLXdlYi9sb2NhdGlvbnMvdXMtY2VudHJhbDEvZnVuY3Rpb25zL3RyaWdnZXJOZXdzRmV0Y2gqDAj72I/TBhD43ZqoAjIIbm9kZWpzMjI6dgojZ2NyLmlvL2dhZS1ydW50aW1lcy9ub2RlanMyMjpzdGFibGUST3VzLWNlbnRyYWwxLWRvY2tlci5wa2cuZGV2L3NlcnZlcmxlc3MtcnVudGltZXMvZ29vZ2xlLTIyLWZ1bGwvcnVudGltZXMvbm9kZWpzMjJAAQ==","operationType":"UPDATE_FUNCTION","buildName":"projects/406682059694/locations/us-central1/builds/d7476711-8ef1-4503-999a-b7a24c764983"},"done":false}
[debug] [2026-07-24T22:51:45.746Z] Got source token Cldwcm9qZWN0cy80MDY2ODIwNTk2OTQvbG9jYXRpb25zL3VzLWNlbnRyYWwxL2J1aWxkcy9kNzQ3NjcxMS04ZWYxLTQ1MDMtOTk5YS1iN2EyNGM3NjQ5ODMSc3VzLWNlbnRyYWwxLWRvY2tlci5wa2cuZGV2L2NvYmVydG9yZXMtd2ViL2djZi1hcnRpZmFjdHMvY29iZXJ0b3Jlcy0td2ViX191cy0tY2VudHJhbDFfX3RyaWdnZXJfbmV3c19mZXRjaDp2ZXJzaW9uXzEYroePgesLIkhwcm9qZWN0cy9jb2JlcnRvcmVzLXdlYi9sb2NhdGlvbnMvdXMtY2VudHJhbDEvZnVuY3Rpb25zL3RyaWdnZXJOZXdzRmV0Y2gqDAj72I/TBhD43ZqoAjIIbm9kZWpzMjI6dgojZ2NyLmlvL2dhZS1ydW50aW1lcy9ub2RlanMyMjpzdGFibGUST3VzLWNlbnRyYWwxLWRvY2tlci5wa2cuZGV2L3NlcnZlcmxlc3MtcnVudGltZXMvZ29vZ2xlLTIyLWZ1bGwvcnVudGltZXMvbm9kZWpzMjJAAQ== for region us-central1
[debug] [2026-07-24T22:51:49.762Z] [update-default-us-central1-fetchNewsPeriodically] Retrying task index 0
[debug] [2026-07-24T22:51:49.763Z] Checked if tokens are valid: true, expires at: 1784935964198
[debug] [2026-07-24T22:51:49.763Z] Checked if tokens are valid: true, expires at: 1784935964198
[debug] [2026-07-24T22:51:49.763Z] >>> [apiv2][query] GET https://cloudfunctions.googleapis.com/v2/projects/cobertores-web/locations/us-central1/operations/operation-1784933500268-65763373b2ffc-115da4bc-89b0577d [none]
[debug] [2026-07-24T22:51:49.925Z] <<< [apiv2][status] GET https://cloudfunctions.googleapis.com/v2/projects/cobertores-web/locations/us-central1/operations/operation-1784933500268-65763373b2ffc-115da4bc-89b0577d 200
[debug] [2026-07-24T22:51:49.925Z] <<< [apiv2][body] GET https://cloudfunctions.googleapis.com/v2/projects/cobertores-web/locations/us-central1/operations/operation-1784933500268-65763373b2ffc-115da4bc-89b0577d {"name":"projects/cobertores-web/locations/us-central1/operations/operation-1784933500268-65763373b2ffc-115da4bc-89b0577d","metadata":{"@type":"type.googleapis.com/google.cloud.functions.v2.OperationMetadata","createTime":"2026-07-24T22:51:41.303926575Z","target":"projects/cobertores-web/locations/us-central1/functions/fetchNewsPeriodically","verb":"update","cancelRequested":false,"apiVersion":"v2","requestResource":{"@type":"type.googleapis.com/google.cloud.functions.v2.Function","name":"projects/cobertores-web/locations/us-central1/functions/fetchNewsPeriodically","buildConfig":{"runtime":"nodejs22","entryPoint":"fetchNewsPeriodically","source":{"storageSource":{"bucket":"gcf-v2-sources-406682059694-us-central1","object":"fetchNewsPeriodically/function-source.zip","generation":"1784933501237704"}},"environmentVariables":{"GOOGLE_NODE_RUN_SCRIPTS":""},"dockerRepository":"projects/cobertores-web/locations/us-central1/repositories/gcf-artifacts","sourceProvenance":{"resolvedStorageSource":{"bucket":"gcf-v2-sources-406682059694-us-central1","object":"fetchNewsPeriodically/function-source.zip","generation":"1784923661652222"}},"dockerRegistry":"ARTIFACT_REGISTRY","sourceToken":"Cldwcm9qZWN0cy80MDY2ODIwNTk2OTQvbG9jYXRpb25zL3VzLWNlbnRyYWwxL2J1aWxkcy9kNzQ3NjcxMS04ZWYxLTQ1MDMtOTk5YS1iN2EyNGM3NjQ5ODMSc3VzLWNlbnRyYWwxLWRvY2tlci5wa2cuZGV2L2NvYmVydG9yZXMtd2ViL2djZi1hcnRpZmFjdHMvY29iZXJ0b3Jlcy0td2ViX191cy0tY2VudHJhbDFfX3RyaWdnZXJfbmV3c19mZXRjaDp2ZXJzaW9uXzEYroePgesLIkhwcm9qZWN0cy9jb2JlcnRvcmVzLXdlYi9sb2NhdGlvbnMvdXMtY2VudHJhbDEvZnVuY3Rpb25zL3RyaWdnZXJOZXdzRmV0Y2gqDAj72I/TBhD43ZqoAjIIbm9kZWpzMjI6dgojZ2NyLmlvL2dhZS1ydW50aW1lcy9ub2RlanMyMjpzdGFibGUST3VzLWNlbnRyYWwxLWRvY2tlci5wa2cuZGV2L3NlcnZlcmxlc3MtcnVudGltZXMvZ29vZ2xlLTIyLWZ1bGwvcnVudGltZXMvbm9kZWpzMjJAAQ==","serviceAccount":"projects/cobertores-web/serviceAccounts/406682059694-compute@developer.gserviceaccount.com","automaticUpdatePolicy":{}},"serviceConfig":{"service":"projects/cobertores-web/locations/us-central1/services/fetchnewsperiodically","timeoutSeconds":60,"environmentVariables":{"FIREBASE_CONFIG":"{\"projectId\":\"cobertores-web\",\"storageBucket\":\"cobertores-web.firebasestorage.app\"}","GCLOUD_PROJECT":"cobertores-web","EVENTARC_CLOUD_EVENT_SOURCE":"projects/cobertores-web/locations/us-central1/services/fetchNewsPeriodically","FUNCTION_TARGET":"fetchNewsPeriodically","LOG_EXECUTION_ID":"true","FUNCTION_SIGNATURE_TYPE":"http"},"ingressSettings":"ALLOW_ALL","uri":"https://fetchnewsperiodically-ushzvpam6a-uc.a.run.app","serviceAccountEmail":"406682059694-compute@developer.gserviceaccount.com","availableMemory":"256Mi","allTrafficOnLatestRevision":true,"revision":"fetchnewsperiodically-00002-sit","maxInstanceRequestConcurrency":80,"availableCpu":"1"},"state":"ACTIVE","labels":{"deployment-tool":"cloudfunctions","deployment-scheduled":"true","firebase-functions-hash":"c6ed3d0d7bfef0d430f1201215cb6bc8c060b823"},"environment":"GEN_2","url":"https://us-central1-cobertores-web.cloudfunctions.net/fetchNewsPeriodically","satisfiesPzi":true},"stages":[{"name":"BUILD","message":"Reusing build","state":"COMPLETE","resource":"projects/406682059694/locations/us-central1/builds/d7476711-8ef1-4503-999a-b7a24c764983"},{"name":"SERVICE","message":"Updating Cloud Run service","state":"IN_PROGRESS","resource":"projects/cobertores-web/locations/us-central1/services/fetchnewsperiodically","resourceUri":"https://console.cloud.google.com/run/detail/us-central1/fetchnewsperiodically?project=cobertores-web","stateMessages":[{"severity":"INFO","type":"CloudRunServiceNewRevisionTrafficInfo","message":"A new revision will be deployed serving with 100% traffic."}]}],"sourceToken":"Cldwcm9qZWN0cy80MDY2ODIwNTk2OTQvbG9jYXRpb25zL3VzLWNlbnRyYWwxL2J1aWxkcy9kNzQ3NjcxMS04ZWYxLTQ1MDMtOTk5YS1iN2EyNGM3NjQ5ODMSc3VzLWNlbnRyYWwxLWRvY2tlci5wa2cuZGV2L2NvYmVydG9yZXMtd2ViL2djZi1hcnRpZmFjdHMvY29iZXJ0b3Jlcy0td2ViX191cy0tY2VudHJhbDFfX3RyaWdnZXJfbmV3c19mZXRjaDp2ZXJzaW9uXzEYroePgesLIkhwcm9qZWN0cy9jb2JlcnRvcmVzLXdlYi9sb2NhdGlvbnMvdXMtY2VudHJhbDEvZnVuY3Rpb25zL3RyaWdnZXJOZXdzRmV0Y2gqDAj72I/TBhD43ZqoAjIIbm9kZWpzMjI6dgojZ2NyLmlvL2dhZS1ydW50aW1lcy9ub2RlanMyMjpzdGFibGUST3VzLWNlbnRyYWwxLWRvY2tlci5wa2cuZGV2L3NlcnZlcmxlc3MtcnVudGltZXMvZ29vZ2xlLTIyLWZ1bGwvcnVudGltZXMvbm9kZWpzMjJAAQ==","operationType":"UPDATE_FUNCTION","buildName":"projects/406682059694/locations/us-central1/builds/d7476711-8ef1-4503-999a-b7a24c764983"},"done":false}
[debug] [2026-07-24T22:51:49.926Z] Got source token Cldwcm9qZWN0cy80MDY2ODIwNTk2OTQvbG9jYXRpb25zL3VzLWNlbnRyYWwxL2J1aWxkcy9kNzQ3NjcxMS04ZWYxLTQ1MDMtOTk5YS1iN2EyNGM3NjQ5ODMSc3VzLWNlbnRyYWwxLWRvY2tlci5wa2cuZGV2L2NvYmVydG9yZXMtd2ViL2djZi1hcnRpZmFjdHMvY29iZXJ0b3Jlcy0td2ViX191cy0tY2VudHJhbDFfX3RyaWdnZXJfbmV3c19mZXRjaDp2ZXJzaW9uXzEYroePgesLIkhwcm9qZWN0cy9jb2JlcnRvcmVzLXdlYi9sb2NhdGlvbnMvdXMtY2VudHJhbDEvZnVuY3Rpb25zL3RyaWdnZXJOZXdzRmV0Y2gqDAj72I/TBhD43ZqoAjIIbm9kZWpzMjI6dgojZ2NyLmlvL2dhZS1ydW50aW1lcy9ub2RlanMyMjpzdGFibGUST3VzLWNlbnRyYWwxLWRvY2tlci5wa2cuZGV2L3NlcnZlcmxlc3MtcnVudGltZXMvZ29vZ2xlLTIyLWZ1bGwvcnVudGltZXMvbm9kZWpzMjJAAQ== for region us-central1
[debug] [2026-07-24T22:51:50.028Z] [create-default-us-central1-triggerNewsFetch] Retrying task index 0
[debug] [2026-07-24T22:51:50.029Z] Checked if tokens are valid: true, expires at: 1784935964198
[debug] [2026-07-24T22:51:50.029Z] Checked if tokens are valid: true, expires at: 1784935964198
[debug] [2026-07-24T22:51:50.029Z] >>> [apiv2][query] GET https://cloudfunctions.googleapis.com/v2/projects/cobertores-web/locations/us-central1/operations/operation-1784933451700-6576334561836-ccba3050-7661855e [none]
[debug] [2026-07-24T22:51:50.165Z] <<< [apiv2][status] GET https://cloudfunctions.googleapis.com/v2/projects/cobertores-web/locations/us-central1/operations/operation-1784933451700-6576334561836-ccba3050-7661855e 200
[debug] [2026-07-24T22:51:50.165Z] <<< [apiv2][body] GET https://cloudfunctions.googleapis.com/v2/projects/cobertores-web/locations/us-central1/operations/operation-1784933451700-6576334561836-ccba3050-7661855e {"name":"projects/cobertores-web/locations/us-central1/operations/operation-1784933451700-6576334561836-ccba3050-7661855e","metadata":{"@type":"type.googleapis.com/google.cloud.functions.v2.OperationMetadata","createTime":"2026-07-24T22:50:52.241509047Z","target":"projects/cobertores-web/locations/us-central1/functions/triggerNewsFetch","verb":"create","cancelRequested":false,"apiVersion":"v2","requestResource":{"@type":"type.googleapis.com/google.cloud.functions.v2.Function","name":"projects/cobertores-web/locations/us-central1/functions/triggerNewsFetch","buildConfig":{"runtime":"nodejs22","entryPoint":"triggerNewsFetch","source":{"storageSource":{"bucket":"gcf-v2-sources-406682059694-us-central1","object":"triggerNewsFetch/function-source.zip","generation":"1784933451956915"}},"environmentVariables":{"GOOGLE_NODE_RUN_SCRIPTS":""},"serviceAccount":"projects/cobertores-web/serviceAccounts/406682059694-compute@developer.gserviceaccount.com","automaticUpdatePolicy":{}},"serviceConfig":{"service":"projects/cobertores-web/locations/us-central1/services/triggernewsfetch","timeoutSeconds":60,"environmentVariables":{"FIREBASE_CONFIG":"{\"projectId\":\"cobertores-web\",\"storageBucket\":\"cobertores-web.firebasestorage.app\"}","GCLOUD_PROJECT":"cobertores-web","EVENTARC_CLOUD_EVENT_SOURCE":"projects/cobertores-web/locations/us-central1/services/triggerNewsFetch","FUNCTION_TARGET":"triggerNewsFetch","LOG_EXECUTION_ID":"true"},"ingressSettings":"ALLOW_ALL","serviceAccountEmail":"406682059694-compute@developer.gserviceaccount.com","availableMemory":"256Mi","maxInstanceRequestConcurrency":80,"availableCpu":"1"},"labels":{"deployment-tool":"cli-firebase","deployment-callable":"true","firebase-functions-hash":"c6ed3d0d7bfef0d430f1201215cb6bc8c060b823"},"environment":"GEN_2"},"stages":[{"name":"BUILD","message":"Build finished","state":"COMPLETE","resource":"projects/406682059694/locations/us-central1/builds/d7476711-8ef1-4503-999a-b7a24c764983","resourceUri":"https://console.cloud.google.com/cloud-build/builds;region=us-central1/d7476711-8ef1-4503-999a-b7a24c764983?project=406682059694"},{"name":"SERVICE","message":"Creating Cloud Run service","state":"IN_PROGRESS","resource":"projects/cobertores-web/locations/us-central1/services/triggernewsfetch","resourceUri":"https://console.cloud.google.com/run/detail/us-central1/triggernewsfetch?project=cobertores-web"}],"sourceToken":"Cldwcm9qZWN0cy80MDY2ODIwNTk2OTQvbG9jYXRpb25zL3VzLWNlbnRyYWwxL2J1aWxkcy9kNzQ3NjcxMS04ZWYxLTQ1MDMtOTk5YS1iN2EyNGM3NjQ5ODMSc3VzLWNlbnRyYWwxLWRvY2tlci5wa2cuZGV2L2NvYmVydG9yZXMtd2ViL2djZi1hcnRpZmFjdHMvY29iZXJ0b3Jlcy0td2ViX191cy0tY2VudHJhbDFfX3RyaWdnZXJfbmV3c19mZXRjaDp2ZXJzaW9uXzEYroePgesLIkhwcm9qZWN0cy9jb2JlcnRvcmVzLXdlYi9sb2NhdGlvbnMvdXMtY2VudHJhbDEvZnVuY3Rpb25zL3RyaWdnZXJOZXdzRmV0Y2gqDAj72I/TBhD43ZqoAjIIbm9kZWpzMjI6dgojZ2NyLmlvL2dhZS1ydW50aW1lcy9ub2RlanMyMjpzdGFibGUST3VzLWNlbnRyYWwxLWRvY2tlci5wa2cuZGV2L3NlcnZlcmxlc3MtcnVudGltZXMvZ29vZ2xlLTIyLWZ1bGwvcnVudGltZXMvbm9kZWpzMjJAAQ==","operationType":"CREATE_FUNCTION","buildName":"projects/406682059694/locations/us-central1/builds/d7476711-8ef1-4503-999a-b7a24c764983"},"done":false}
[debug] [2026-07-24T22:51:50.165Z] Got source token Cldwcm9qZWN0cy80MDY2ODIwNTk2OTQvbG9jYXRpb25zL3VzLWNlbnRyYWwxL2J1aWxkcy9kNzQ3NjcxMS04ZWYxLTQ1MDMtOTk5YS1iN2EyNGM3NjQ5ODMSc3VzLWNlbnRyYWwxLWRvY2tlci5wa2cuZGV2L2NvYmVydG9yZXMtd2ViL2djZi1hcnRpZmFjdHMvY29iZXJ0b3Jlcy0td2ViX191cy0tY2VudHJhbDFfX3RyaWdnZXJfbmV3c19mZXRjaDp2ZXJzaW9uXzEYroePgesLIkhwcm9qZWN0cy9jb2JlcnRvcmVzLXdlYi9sb2NhdGlvbnMvdXMtY2VudHJhbDEvZnVuY3Rpb25zL3RyaWdnZXJOZXdzRmV0Y2gqDAj72I/TBhD43ZqoAjIIbm9kZWpzMjI6dgojZ2NyLmlvL2dhZS1ydW50aW1lcy9ub2RlanMyMjpzdGFibGUST3VzLWNlbnRyYWwxLWRvY2tlci5wa2cuZGV2L3NlcnZlcmxlc3MtcnVudGltZXMvZ29vZ2xlLTIyLWZ1bGwvcnVudGltZXMvbm9kZWpzMjJAAQ== for region us-central1
[debug] [2026-07-24T22:51:57.937Z] [update-default-us-central1-fetchNewsPeriodically] Retrying task index 0
[debug] [2026-07-24T22:51:57.937Z] Checked if tokens are valid: true, expires at: 1784935964198
[debug] [2026-07-24T22:51:57.937Z] Checked if tokens are valid: true, expires at: 1784935964198
[debug] [2026-07-24T22:51:57.938Z] >>> [apiv2][query] GET https://cloudfunctions.googleapis.com/v2/projects/cobertores-web/locations/us-central1/operations/operation-1784933500268-65763373b2ffc-115da4bc-89b0577d [none]
[debug] [2026-07-24T22:51:58.270Z] <<< [apiv2][status] GET https://cloudfunctions.googleapis.com/v2/projects/cobertores-web/locations/us-central1/operations/operation-1784933500268-65763373b2ffc-115da4bc-89b0577d 200
[debug] [2026-07-24T22:51:58.270Z] <<< [apiv2][body] GET https://cloudfunctions.googleapis.com/v2/projects/cobertores-web/locations/us-central1/operations/operation-1784933500268-65763373b2ffc-115da4bc-89b0577d {"name":"projects/cobertores-web/locations/us-central1/operations/operation-1784933500268-65763373b2ffc-115da4bc-89b0577d","metadata":{"@type":"type.googleapis.com/google.cloud.functions.v2.OperationMetadata","createTime":"2026-07-24T22:51:41.303926575Z","endTime":"2026-07-24T22:51:52.410216572Z","target":"projects/cobertores-web/locations/us-central1/functions/fetchNewsPeriodically","verb":"update","cancelRequested":false,"apiVersion":"v2","requestResource":{"@type":"type.googleapis.com/google.cloud.functions.v2.Function","name":"projects/cobertores-web/locations/us-central1/functions/fetchNewsPeriodically","buildConfig":{"runtime":"nodejs22","entryPoint":"fetchNewsPeriodically","source":{"storageSource":{"bucket":"gcf-v2-sources-406682059694-us-central1","object":"fetchNewsPeriodically/function-source.zip","generation":"1784933501237704"}},"environmentVariables":{"GOOGLE_NODE_RUN_SCRIPTS":""},"dockerRepository":"projects/cobertores-web/locations/us-central1/repositories/gcf-artifacts","sourceProvenance":{"resolvedStorageSource":{"bucket":"gcf-v2-sources-406682059694-us-central1","object":"fetchNewsPeriodically/function-source.zip","generation":"1784923661652222"}},"dockerRegistry":"ARTIFACT_REGISTRY","sourceToken":"Cldwcm9qZWN0cy80MDY2ODIwNTk2OTQvbG9jYXRpb25zL3VzLWNlbnRyYWwxL2J1aWxkcy9kNzQ3NjcxMS04ZWYxLTQ1MDMtOTk5YS1iN2EyNGM3NjQ5ODMSc3VzLWNlbnRyYWwxLWRvY2tlci5wa2cuZGV2L2NvYmVydG9yZXMtd2ViL2djZi1hcnRpZmFjdHMvY29iZXJ0b3Jlcy0td2ViX191cy0tY2VudHJhbDFfX3RyaWdnZXJfbmV3c19mZXRjaDp2ZXJzaW9uXzEYroePgesLIkhwcm9qZWN0cy9jb2JlcnRvcmVzLXdlYi9sb2NhdGlvbnMvdXMtY2VudHJhbDEvZnVuY3Rpb25zL3RyaWdnZXJOZXdzRmV0Y2gqDAj72I/TBhD43ZqoAjIIbm9kZWpzMjI6dgojZ2NyLmlvL2dhZS1ydW50aW1lcy9ub2RlanMyMjpzdGFibGUST3VzLWNlbnRyYWwxLWRvY2tlci5wa2cuZGV2L3NlcnZlcmxlc3MtcnVudGltZXMvZ29vZ2xlLTIyLWZ1bGwvcnVudGltZXMvbm9kZWpzMjJAAQ==","serviceAccount":"projects/cobertores-web/serviceAccounts/406682059694-compute@developer.gserviceaccount.com","automaticUpdatePolicy":{}},"serviceConfig":{"service":"projects/cobertores-web/locations/us-central1/services/fetchnewsperiodically","timeoutSeconds":60,"environmentVariables":{"FIREBASE_CONFIG":"{\"projectId\":\"cobertores-web\",\"storageBucket\":\"cobertores-web.firebasestorage.app\"}","GCLOUD_PROJECT":"cobertores-web","EVENTARC_CLOUD_EVENT_SOURCE":"projects/cobertores-web/locations/us-central1/services/fetchNewsPeriodically","FUNCTION_TARGET":"fetchNewsPeriodically","LOG_EXECUTION_ID":"true","FUNCTION_SIGNATURE_TYPE":"http"},"ingressSettings":"ALLOW_ALL","uri":"https://fetchnewsperiodically-ushzvpam6a-uc.a.run.app","serviceAccountEmail":"406682059694-compute@developer.gserviceaccount.com","availableMemory":"256Mi","allTrafficOnLatestRevision":true,"revision":"fetchnewsperiodically-00002-sit","maxInstanceRequestConcurrency":80,"availableCpu":"1"},"state":"ACTIVE","labels":{"deployment-tool":"cloudfunctions","deployment-scheduled":"true","firebase-functions-hash":"c6ed3d0d7bfef0d430f1201215cb6bc8c060b823"},"environment":"GEN_2","url":"https://us-central1-cobertores-web.cloudfunctions.net/fetchNewsPeriodically","satisfiesPzi":true},"stages":[{"name":"BUILD","message":"Reusing build","state":"COMPLETE","resource":"projects/406682059694/locations/us-central1/builds/d7476711-8ef1-4503-999a-b7a24c764983"},{"name":"SERVICE","message":"Updating Cloud Run service","state":"COMPLETE","resource":"projects/cobertores-web/locations/us-central1/services/fetchnewsperiodically","resourceUri":"https://console.cloud.google.com/run/detail/us-central1/fetchnewsperiodically?project=cobertores-web","stateMessages":[{"severity":"INFO","type":"CloudRunServiceNewRevisionTrafficInfo","message":"A new revision will be deployed serving with 100% traffic."}]}],"sourceToken":"Cldwcm9qZWN0cy80MDY2ODIwNTk2OTQvbG9jYXRpb25zL3VzLWNlbnRyYWwxL2J1aWxkcy9kNzQ3NjcxMS04ZWYxLTQ1MDMtOTk5YS1iN2EyNGM3NjQ5ODMSc3VzLWNlbnRyYWwxLWRvY2tlci5wa2cuZGV2L2NvYmVydG9yZXMtd2ViL2djZi1hcnRpZmFjdHMvY29iZXJ0b3Jlcy0td2ViX191cy0tY2VudHJhbDFfX3RyaWdnZXJfbmV3c19mZXRjaDp2ZXJzaW9uXzEYroePgesLIkhwcm9qZWN0cy9jb2JlcnRvcmVzLXdlYi9sb2NhdGlvbnMvdXMtY2VudHJhbDEvZnVuY3Rpb25zL3RyaWdnZXJOZXdzRmV0Y2gqDAj72I/TBhD43ZqoAjIIbm9kZWpzMjI6dgojZ2NyLmlvL2dhZS1ydW50aW1lcy9ub2RlanMyMjpzdGFibGUST3VzLWNlbnRyYWwxLWRvY2tlci5wa2cuZGV2L3NlcnZlcmxlc3MtcnVudGltZXMvZ29vZ2xlLTIyLWZ1bGwvcnVudGltZXMvbm9kZWpzMjJAAQ==","operationType":"UPDATE_FUNCTION","buildName":"projects/406682059694/locations/us-central1/builds/d7476711-8ef1-4503-999a-b7a24c764983"},"done":true,"response":{"@type":"type.googleapis.com/google.cloud.functions.v2.Function","name":"projects/cobertores-web/locations/us-central1/functions/fetchNewsPeriodically","buildConfig":{"build":"projects/406682059694/locations/us-central1/builds/d7476711-8ef1-4503-999a-b7a24c764983","runtime":"nodejs22","entryPoint":"fetchNewsPeriodically","source":{"storageSource":{"bucket":"gcf-v2-sources-406682059694-us-central1","object":"fetchNewsPeriodically/function-source.zip","generation":"1784933501237704"}},"environmentVariables":{"GOOGLE_NODE_RUN_SCRIPTS":""},"dockerRepository":"projects/cobertores-web/locations/us-central1/repositories/gcf-artifacts","sourceProvenance":{"resolvedStorageSource":{"bucket":"gcf-v2-sources-406682059694-us-central1","object":"fetchNewsPeriodically/function-source.zip","generation":"1784933501237704"}},"dockerRegistry":"ARTIFACT_REGISTRY","serviceAccount":"projects/cobertores-web/serviceAccounts/406682059694-compute@developer.gserviceaccount.com","automaticUpdatePolicy":{}},"serviceConfig":{"service":"projects/cobertores-web/locations/us-central1/services/fetchnewsperiodically","timeoutSeconds":60,"environmentVariables":{"FIREBASE_CONFIG":"{\"projectId\":\"cobertores-web\",\"storageBucket\":\"cobertores-web.firebasestorage.app\"}","GCLOUD_PROJECT":"cobertores-web","EVENTARC_CLOUD_EVENT_SOURCE":"projects/cobertores-web/locations/us-central1/services/fetchNewsPeriodically","FUNCTION_TARGET":"fetchNewsPeriodically","LOG_EXECUTION_ID":"true","FUNCTION_SIGNATURE_TYPE":"http"},"maxInstanceCount":20,"ingressSettings":"ALLOW_ALL","uri":"https://fetchnewsperiodically-ushzvpam6a-uc.a.run.app","serviceAccountEmail":"406682059694-compute@developer.gserviceaccount.com","availableMemory":"256Mi","allTrafficOnLatestRevision":true,"revision":"fetchnewsperiodically-00003-ted","maxInstanceRequestConcurrency":80,"availableCpu":"1"},"state":"ACTIVE","updateTime":"2026-07-24T22:51:41.306247628Z","labels":{"firebase-functions-hash":"c6ed3d0d7bfef0d430f1201215cb6bc8c060b823","deployment-tool":"cli-firebase","deployment-scheduled":"true"},"environment":"GEN_2","url":"https://us-central1-cobertores-web.cloudfunctions.net/fetchNewsPeriodically","createTime":"2026-07-23T17:38:45.743693799Z","satisfiesPzi":true}}
[debug] [2026-07-24T22:51:58.270Z] Got source token Cldwcm9qZWN0cy80MDY2ODIwNTk2OTQvbG9jYXRpb25zL3VzLWNlbnRyYWwxL2J1aWxkcy9kNzQ3NjcxMS04ZWYxLTQ1MDMtOTk5YS1iN2EyNGM3NjQ5ODMSc3VzLWNlbnRyYWwxLWRvY2tlci5wa2cuZGV2L2NvYmVydG9yZXMtd2ViL2djZi1hcnRpZmFjdHMvY29iZXJ0b3Jlcy0td2ViX191cy0tY2VudHJhbDFfX3RyaWdnZXJfbmV3c19mZXRjaDp2ZXJzaW9uXzEYroePgesLIkhwcm9qZWN0cy9jb2JlcnRvcmVzLXdlYi9sb2NhdGlvbnMvdXMtY2VudHJhbDEvZnVuY3Rpb25zL3RyaWdnZXJOZXdzRmV0Y2gqDAj72I/TBhD43ZqoAjIIbm9kZWpzMjI6dgojZ2NyLmlvL2dhZS1ydW50aW1lcy9ub2RlanMyMjpzdGFibGUST3VzLWNlbnRyYWwxLWRvY2tlci5wa2cuZGV2L3NlcnZlcmxlc3MtcnVudGltZXMvZ29vZ2xlLTIyLWZ1bGwvcnVudGltZXMvbm9kZWpzMjJAAQ== for region us-central1
[debug] [2026-07-24T22:51:58.271Z] Checked if tokens are valid: true, expires at: 1784935964198
[debug] [2026-07-24T22:51:58.271Z] Checked if tokens are valid: true, expires at: 1784935964198
[debug] [2026-07-24T22:51:58.271Z] >>> [apiv2][query] GET https://compute.googleapis.com/compute/v1/projects/406682059694 [none]
[debug] [2026-07-24T22:51:58.767Z] <<< [apiv2][status] GET https://compute.googleapis.com/compute/v1/projects/406682059694 403
[debug] [2026-07-24T22:51:58.767Z] <<< [apiv2][body] GET https://compute.googleapis.com/compute/v1/projects/406682059694 {"error":{"code":403,"message":"Compute Engine API has not been used in project 406682059694 before or it is disabled. Enable it by visiting https://console.developers.google.com/apis/api/compute.googleapis.com/overview?project=406682059694 then retry. If you enabled this API recently, wait a few minutes for the action to propagate to our systems and retry.","errors":[{"message":"Compute Engine API has not been used in project 406682059694 before or it is disabled. Enable it by visiting https://console.developers.google.com/apis/api/compute.googleapis.com/overview?project=406682059694 then retry. If you enabled this API recently, wait a few minutes for the action to propagate to our systems and retry.","domain":"usageLimits","reason":"accessNotConfigured","extendedHelp":"https://console.developers.google.com"}],"status":"PERMISSION_DENIED","details":[{"@type":"type.googleapis.com/google.rpc.ErrorInfo","reason":"SERVICE_DISABLED","domain":"googleapis.com","metadata":{"consumer":"projects/406682059694","activationUrl":"https://console.developers.google.com/apis/api/compute.googleapis.com/overview?project=406682059694","containerInfo":"406682059694","serviceTitle":"Compute Engine API","service":"compute.googleapis.com"}},{"@type":"type.googleapis.com/google.rpc.LocalizedMessage","locale":"en-US","message":"Compute Engine API has not been used in project 406682059694 before or it is disabled. Enable it by visiting https://console.developers.google.com/apis/api/compute.googleapis.com/overview?project=406682059694 then retry. If you enabled this API recently, wait a few minutes for the action to propagate to our systems and retry."},{"@type":"type.googleapis.com/google.rpc.Help","links":[{"description":"Google developers console API activation","url":"https://console.developers.google.com/apis/api/compute.googleapis.com/overview?project=406682059694"}]}]}}
[debug] [2026-07-24T22:51:58.768Z] unable to look up default compute service account. Falling back to 406682059694-compute@developer.gserviceaccount.com. Error: {"name":"FirebaseError","children":[],"context":{"body":{"error":{"code":403,"message":"Compute Engine API has not been used in project 406682059694 before or it is disabled. Enable it by visiting https://console.developers.google.com/apis/api/compute.googleapis.com/overview?project=406682059694 then retry. If you enabled this API recently, wait a few minutes for the action to propagate to our systems and retry.","errors":[{"message":"Compute Engine API has not been used in project 406682059694 before or it is disabled. Enable it by visiting https://console.developers.google.com/apis/api/compute.googleapis.com/overview?project=406682059694 then retry. If you enabled this API recently, wait a few minutes for the action to propagate to our systems and retry.","domain":"usageLimits","reason":"accessNotConfigured","extendedHelp":"https://console.developers.google.com"}],"status":"PERMISSION_DENIED","details":[{"@type":"type.googleapis.com/google.rpc.ErrorInfo","reason":"SERVICE_DISABLED","domain":"googleapis.com","metadata":{"consumer":"projects/406682059694","activationUrl":"https://console.developers.google.com/apis/api/compute.googleapis.com/overview?project=406682059694","containerInfo":"406682059694","serviceTitle":"Compute Engine API","service":"compute.googleapis.com"}},{"@type":"type.googleapis.com/google.rpc.LocalizedMessage","locale":"en-US","message":"Compute Engine API has not been used in project 406682059694 before or it is disabled. Enable it by visiting https://console.developers.google.com/apis/api/compute.googleapis.com/overview?project=406682059694 then retry. If you enabled this API recently, wait a few minutes for the action to propagate to our systems and retry."},{"@type":"type.googleapis.com/google.rpc.Help","links":[{"description":"Google developers console API activation","url":"https://console.developers.google.com/apis/api/compute.googleapis.com/overview?project=406682059694"}]}]}},"response":{"statusCode":403}},"exit":1,"message":"Request to https://compute.googleapis.com/compute/v1/projects/406682059694 had HTTP Error: 403, Compute Engine API has not been used in project 406682059694 before or it is disabled. Enable it by visiting https://console.developers.google.com/apis/api/compute.googleapis.com/overview?project=406682059694 then retry. If you enabled this API recently, wait a few minutes for the action to propagate to our systems and retry.","status":403}
[debug] [2026-07-24T22:51:58.769Z] Checked if tokens are valid: true, expires at: 1784935964198
[debug] [2026-07-24T22:51:58.769Z] Checked if tokens are valid: true, expires at: 1784935964198
[debug] [2026-07-24T22:51:58.769Z] >>> [apiv2][query] GET https://run.googleapis.com/v1/projects/cobertores-web/locations/us-central1/services/fetchnewsperiodically:getIamPolicy [none]
[debug] [2026-07-24T22:51:59.364Z] <<< [apiv2][status] GET https://run.googleapis.com/v1/projects/cobertores-web/locations/us-central1/services/fetchnewsperiodically:getIamPolicy 200
[debug] [2026-07-24T22:51:59.364Z] <<< [apiv2][body] GET https://run.googleapis.com/v1/projects/cobertores-web/locations/us-central1/services/fetchnewsperiodically:getIamPolicy {"version":1,"etag":"BwZXYMd+fvc=","bindings":[{"role":"roles/run.invoker","members":["serviceAccount:406682059694-compute@developer.gserviceaccount.com"]}]}
[debug] [2026-07-24T22:51:59.366Z] Checked if tokens are valid: true, expires at: 1784935964198
[debug] [2026-07-24T22:51:59.366Z] Checked if tokens are valid: true, expires at: 1784935964198
[debug] [2026-07-24T22:51:59.366Z] >>> [apiv2][query] GET https://compute.googleapis.com/compute/v1/projects/406682059694 [none]
[debug] [2026-07-24T22:51:59.513Z] <<< [apiv2][status] GET https://compute.googleapis.com/compute/v1/projects/406682059694 403
[debug] [2026-07-24T22:51:59.514Z] <<< [apiv2][body] GET https://compute.googleapis.com/compute/v1/projects/406682059694 {"error":{"code":403,"message":"Compute Engine API has not been used in project 406682059694 before or it is disabled. Enable it by visiting https://console.developers.google.com/apis/api/compute.googleapis.com/overview?project=406682059694 then retry. If you enabled this API recently, wait a few minutes for the action to propagate to our systems and retry.","errors":[{"message":"Compute Engine API has not been used in project 406682059694 before or it is disabled. Enable it by visiting https://console.developers.google.com/apis/api/compute.googleapis.com/overview?project=406682059694 then retry. If you enabled this API recently, wait a few minutes for the action to propagate to our systems and retry.","domain":"usageLimits","reason":"accessNotConfigured","extendedHelp":"https://console.developers.google.com"}],"status":"PERMISSION_DENIED","details":[{"@type":"type.googleapis.com/google.rpc.ErrorInfo","reason":"SERVICE_DISABLED","domain":"googleapis.com","metadata":{"serviceTitle":"Compute Engine API","activationUrl":"https://console.developers.google.com/apis/api/compute.googleapis.com/overview?project=406682059694","service":"compute.googleapis.com","consumer":"projects/406682059694","containerInfo":"406682059694"}},{"@type":"type.googleapis.com/google.rpc.LocalizedMessage","locale":"en-US","message":"Compute Engine API has not been used in project 406682059694 before or it is disabled. Enable it by visiting https://console.developers.google.com/apis/api/compute.googleapis.com/overview?project=406682059694 then retry. If you enabled this API recently, wait a few minutes for the action to propagate to our systems and retry."},{"@type":"type.googleapis.com/google.rpc.Help","links":[{"description":"Google developers console API activation","url":"https://console.developers.google.com/apis/api/compute.googleapis.com/overview?project=406682059694"}]}]}}
[debug] [2026-07-24T22:51:59.514Z] unable to look up default compute service account. Falling back to 406682059694-compute@developer.gserviceaccount.com. Error: {"name":"FirebaseError","children":[],"context":{"body":{"error":{"code":403,"message":"Compute Engine API has not been used in project 406682059694 before or it is disabled. Enable it by visiting https://console.developers.google.com/apis/api/compute.googleapis.com/overview?project=406682059694 then retry. If you enabled this API recently, wait a few minutes for the action to propagate to our systems and retry.","errors":[{"message":"Compute Engine API has not been used in project 406682059694 before or it is disabled. Enable it by visiting https://console.developers.google.com/apis/api/compute.googleapis.com/overview?project=406682059694 then retry. If you enabled this API recently, wait a few minutes for the action to propagate to our systems and retry.","domain":"usageLimits","reason":"accessNotConfigured","extendedHelp":"https://console.developers.google.com"}],"status":"PERMISSION_DENIED","details":[{"@type":"type.googleapis.com/google.rpc.ErrorInfo","reason":"SERVICE_DISABLED","domain":"googleapis.com","metadata":{"serviceTitle":"Compute Engine API","activationUrl":"https://console.developers.google.com/apis/api/compute.googleapis.com/overview?project=406682059694","service":"compute.googleapis.com","consumer":"projects/406682059694","containerInfo":"406682059694"}},{"@type":"type.googleapis.com/google.rpc.LocalizedMessage","locale":"en-US","message":"Compute Engine API has not been used in project 406682059694 before or it is disabled. Enable it by visiting https://console.developers.google.com/apis/api/compute.googleapis.com/overview?project=406682059694 then retry. If you enabled this API recently, wait a few minutes for the action to propagate to our systems and retry."},{"@type":"type.googleapis.com/google.rpc.Help","links":[{"description":"Google developers console API activation","url":"https://console.developers.google.com/apis/api/compute.googleapis.com/overview?project=406682059694"}]}]}},"response":{"statusCode":403}},"exit":1,"message":"Request to https://compute.googleapis.com/compute/v1/projects/406682059694 had HTTP Error: 403, Compute Engine API has not been used in project 406682059694 before or it is disabled. Enable it by visiting https://console.developers.google.com/apis/api/compute.googleapis.com/overview?project=406682059694 then retry. If you enabled this API recently, wait a few minutes for the action to propagate to our systems and retry.","status":403}
[debug] [2026-07-24T22:51:59.515Z] Checked if tokens are valid: true, expires at: 1784935964198
[debug] [2026-07-24T22:51:59.515Z] Checked if tokens are valid: true, expires at: 1784935964198
[debug] [2026-07-24T22:51:59.515Z] >>> [apiv2][query] GET https://cloudscheduler.googleapis.com/v1/projects/cobertores-web/locations/us-central1/jobs/firebase-schedule-fetchNewsPeriodically-us-central1 [none]
[debug] [2026-07-24T22:52:00.173Z] [create-default-us-central1-triggerNewsFetch] Retrying task index 0
[debug] [2026-07-24T22:52:00.173Z] Checked if tokens are valid: true, expires at: 1784935964198
[debug] [2026-07-24T22:52:00.173Z] Checked if tokens are valid: true, expires at: 1784935964198
[debug] [2026-07-24T22:52:00.173Z] >>> [apiv2][query] GET https://cloudfunctions.googleapis.com/v2/projects/cobertores-web/locations/us-central1/operations/operation-1784933451700-6576334561836-ccba3050-7661855e [none]
[debug] [2026-07-24T22:52:00.402Z] <<< [apiv2][status] GET https://cloudscheduler.googleapis.com/v1/projects/cobertores-web/locations/us-central1/jobs/firebase-schedule-fetchNewsPeriodically-us-central1 200
[debug] [2026-07-24T22:52:00.403Z] <<< [apiv2][body] GET https://cloudscheduler.googleapis.com/v1/projects/cobertores-web/locations/us-central1/jobs/firebase-schedule-fetchNewsPeriodically-us-central1 {"name":"projects/cobertores-web/locations/us-central1/jobs/firebase-schedule-fetchNewsPeriodically-us-central1","httpTarget":{"uri":"https://fetchnewsperiodically-ushzvpam6a-uc.a.run.app/","httpMethod":"POST","headers":{"User-Agent":"Google-Cloud-Scheduler"},"oidcToken":{"serviceAccountEmail":"406682059694-compute@developer.gserviceaccount.com","audience":"https://fetchnewsperiodically-ushzvpam6a-uc.a.run.app/"}},"userUpdateTime":"2026-07-24T20:08:54.954925Z","state":"ENABLED","status":{"code":-1},"scheduleTime":"2026-07-25T02:08:00Z","schedule":"every 6 hours","timeZone":"America/Mexico_City","attemptDeadline":"180s"}
[debug] [2026-07-24T22:52:00.403Z] Checked if tokens are valid: true, expires at: 1784935964198
[debug] [2026-07-24T22:52:00.403Z] Checked if tokens are valid: true, expires at: 1784935964198
[debug] [2026-07-24T22:52:00.403Z] >>> [apiv2][query] PATCH https://cloudscheduler.googleapis.com/v1/projects/cobertores-web/locations/us-central1/jobs/firebase-schedule-fetchNewsPeriodically-us-central1 updateMask=name%2CtimeZone%2ChttpTarget%2Cschedule%2CattemptDeadline
[debug] [2026-07-24T22:52:00.404Z] >>> [apiv2][body] PATCH https://cloudscheduler.googleapis.com/v1/projects/cobertores-web/locations/us-central1/jobs/firebase-schedule-fetchNewsPeriodically-us-central1 {"timeZone":"America/Mexico_City","name":"projects/cobertores-web/locations/us-central1/jobs/firebase-schedule-fetchNewsPeriodically-us-central1","httpTarget":{"uri":"https://fetchnewsperiodically-ushzvpam6a-uc.a.run.app","httpMethod":"POST","oidcToken":{"serviceAccountEmail":"406682059694-compute@developer.gserviceaccount.com"}},"schedule":"every 6 hours","attemptDeadline":null}
[debug] [2026-07-24T22:52:00.444Z] <<< [apiv2][status] GET https://cloudfunctions.googleapis.com/v2/projects/cobertores-web/locations/us-central1/operations/operation-1784933451700-6576334561836-ccba3050-7661855e 200
[debug] [2026-07-24T22:52:00.445Z] <<< [apiv2][body] GET https://cloudfunctions.googleapis.com/v2/projects/cobertores-web/locations/us-central1/operations/operation-1784933451700-6576334561836-ccba3050-7661855e {"name":"projects/cobertores-web/locations/us-central1/operations/operation-1784933451700-6576334561836-ccba3050-7661855e","metadata":{"@type":"type.googleapis.com/google.cloud.functions.v2.OperationMetadata","createTime":"2026-07-24T22:50:52.241509047Z","endTime":"2026-07-24T22:51:50.834359655Z","target":"projects/cobertores-web/locations/us-central1/functions/triggerNewsFetch","verb":"create","cancelRequested":false,"apiVersion":"v2","requestResource":{"@type":"type.googleapis.com/google.cloud.functions.v2.Function","name":"projects/cobertores-web/locations/us-central1/functions/triggerNewsFetch","buildConfig":{"runtime":"nodejs22","entryPoint":"triggerNewsFetch","source":{"storageSource":{"bucket":"gcf-v2-sources-406682059694-us-central1","object":"triggerNewsFetch/function-source.zip","generation":"1784933451956915"}},"environmentVariables":{"GOOGLE_NODE_RUN_SCRIPTS":""},"serviceAccount":"projects/cobertores-web/serviceAccounts/406682059694-compute@developer.gserviceaccount.com","automaticUpdatePolicy":{}},"serviceConfig":{"service":"projects/cobertores-web/locations/us-central1/services/triggernewsfetch","timeoutSeconds":60,"environmentVariables":{"FIREBASE_CONFIG":"{\"projectId\":\"cobertores-web\",\"storageBucket\":\"cobertores-web.firebasestorage.app\"}","GCLOUD_PROJECT":"cobertores-web","EVENTARC_CLOUD_EVENT_SOURCE":"projects/cobertores-web/locations/us-central1/services/triggerNewsFetch","FUNCTION_TARGET":"triggerNewsFetch","LOG_EXECUTION_ID":"true"},"ingressSettings":"ALLOW_ALL","serviceAccountEmail":"406682059694-compute@developer.gserviceaccount.com","availableMemory":"256Mi","maxInstanceRequestConcurrency":80,"availableCpu":"1"},"labels":{"deployment-tool":"cli-firebase","deployment-callable":"true","firebase-functions-hash":"c6ed3d0d7bfef0d430f1201215cb6bc8c060b823"},"environment":"GEN_2"},"stages":[{"name":"BUILD","message":"Build finished","state":"COMPLETE","resource":"projects/406682059694/locations/us-central1/builds/d7476711-8ef1-4503-999a-b7a24c764983","resourceUri":"https://console.cloud.google.com/cloud-build/builds;region=us-central1/d7476711-8ef1-4503-999a-b7a24c764983?project=406682059694"},{"name":"SERVICE","message":"Creating Cloud Run service","state":"COMPLETE","resource":"projects/cobertores-web/locations/us-central1/services/triggernewsfetch","resourceUri":"https://console.cloud.google.com/run/detail/us-central1/triggernewsfetch?project=cobertores-web"}],"sourceToken":"Cldwcm9qZWN0cy80MDY2ODIwNTk2OTQvbG9jYXRpb25zL3VzLWNlbnRyYWwxL2J1aWxkcy9kNzQ3NjcxMS04ZWYxLTQ1MDMtOTk5YS1iN2EyNGM3NjQ5ODMSc3VzLWNlbnRyYWwxLWRvY2tlci5wa2cuZGV2L2NvYmVydG9yZXMtd2ViL2djZi1hcnRpZmFjdHMvY29iZXJ0b3Jlcy0td2ViX191cy0tY2VudHJhbDFfX3RyaWdnZXJfbmV3c19mZXRjaDp2ZXJzaW9uXzEYroePgesLIkhwcm9qZWN0cy9jb2JlcnRvcmVzLXdlYi9sb2NhdGlvbnMvdXMtY2VudHJhbDEvZnVuY3Rpb25zL3RyaWdnZXJOZXdzRmV0Y2gqDAj72I/TBhD43ZqoAjIIbm9kZWpzMjI6dgojZ2NyLmlvL2dhZS1ydW50aW1lcy9ub2RlanMyMjpzdGFibGUST3VzLWNlbnRyYWwxLWRvY2tlci5wa2cuZGV2L3NlcnZlcmxlc3MtcnVudGltZXMvZ29vZ2xlLTIyLWZ1bGwvcnVudGltZXMvbm9kZWpzMjJAAQ==","operationType":"CREATE_FUNCTION","buildName":"projects/406682059694/locations/us-central1/builds/d7476711-8ef1-4503-999a-b7a24c764983"},"done":true,"response":{"@type":"type.googleapis.com/google.cloud.functions.v2.Function","name":"projects/cobertores-web/locations/us-central1/functions/triggerNewsFetch","buildConfig":{"build":"projects/406682059694/locations/us-central1/builds/d7476711-8ef1-4503-999a-b7a24c764983","runtime":"nodejs22","entryPoint":"triggerNewsFetch","source":{"storageSource":{"bucket":"gcf-v2-sources-406682059694-us-central1","object":"triggerNewsFetch/function-source.zip","generation":"1784933451956915"}},"environmentVariables":{"GOOGLE_NODE_RUN_SCRIPTS":""},"dockerRepository":"projects/cobertores-web/locations/us-central1/repositories/gcf-artifacts","sourceProvenance":{"resolvedStorageSource":{"bucket":"gcf-v2-sources-406682059694-us-central1","object":"triggerNewsFetch/function-source.zip","generation":"1784933451956915"}},"dockerRegistry":"ARTIFACT_REGISTRY","serviceAccount":"projects/cobertores-web/serviceAccounts/406682059694-compute@developer.gserviceaccount.com","automaticUpdatePolicy":{}},"serviceConfig":{"service":"projects/cobertores-web/locations/us-central1/services/triggernewsfetch","timeoutSeconds":60,"environmentVariables":{"FIREBASE_CONFIG":"{\"projectId\":\"cobertores-web\",\"storageBucket\":\"cobertores-web.firebasestorage.app\"}","GCLOUD_PROJECT":"cobertores-web","EVENTARC_CLOUD_EVENT_SOURCE":"projects/cobertores-web/locations/us-central1/services/triggerNewsFetch","FUNCTION_TARGET":"triggerNewsFetch","LOG_EXECUTION_ID":"true"},"ingressSettings":"ALLOW_ALL","uri":"https://triggernewsfetch-ushzvpam6a-uc.a.run.app","serviceAccountEmail":"406682059694-compute@developer.gserviceaccount.com","availableMemory":"256Mi","allTrafficOnLatestRevision":true,"revision":"triggernewsfetch-00001-kim","maxInstanceRequestConcurrency":80,"availableCpu":"1"},"state":"ACTIVE","updateTime":"2026-07-24T22:50:52.237359295Z","labels":{"deployment-callable":"true","firebase-functions-hash":"c6ed3d0d7bfef0d430f1201215cb6bc8c060b823","deployment-tool":"cli-firebase"},"environment":"GEN_2","url":"https://us-central1-cobertores-web.cloudfunctions.net/triggerNewsFetch","createTime":"2026-07-24T22:50:52.237359295Z","satisfiesPzi":true}}
[debug] [2026-07-24T22:52:00.445Z] Got source token Cldwcm9qZWN0cy80MDY2ODIwNTk2OTQvbG9jYXRpb25zL3VzLWNlbnRyYWwxL2J1aWxkcy9kNzQ3NjcxMS04ZWYxLTQ1MDMtOTk5YS1iN2EyNGM3NjQ5ODMSc3VzLWNlbnRyYWwxLWRvY2tlci5wa2cuZGV2L2NvYmVydG9yZXMtd2ViL2djZi1hcnRpZmFjdHMvY29iZXJ0b3Jlcy0td2ViX191cy0tY2VudHJhbDFfX3RyaWdnZXJfbmV3c19mZXRjaDp2ZXJzaW9uXzEYroePgesLIkhwcm9qZWN0cy9jb2JlcnRvcmVzLXdlYi9sb2NhdGlvbnMvdXMtY2VudHJhbDEvZnVuY3Rpb25zL3RyaWdnZXJOZXdzRmV0Y2gqDAj72I/TBhD43ZqoAjIIbm9kZWpzMjI6dgojZ2NyLmlvL2dhZS1ydW50aW1lcy9ub2RlanMyMjpzdGFibGUST3VzLWNlbnRyYWwxLWRvY2tlci5wa2cuZGV2L3NlcnZlcmxlc3MtcnVudGltZXMvZ29vZ2xlLTIyLWZ1bGwvcnVudGltZXMvbm9kZWpzMjJAAQ== for region us-central1
[debug] [2026-07-24T22:52:00.446Z] Checked if tokens are valid: true, expires at: 1784935964198
[debug] [2026-07-24T22:52:00.446Z] Checked if tokens are valid: true, expires at: 1784935964198
[debug] [2026-07-24T22:52:00.446Z] >>> [apiv2][query] POST https://run.googleapis.com/v1/projects/cobertores-web/locations/us-central1/services/triggernewsfetch:setIamPolicy [none]
[debug] [2026-07-24T22:52:00.446Z] >>> [apiv2][body] POST https://run.googleapis.com/v1/projects/cobertores-web/locations/us-central1/services/triggernewsfetch:setIamPolicy {"policy":{"bindings":[{"role":"roles/run.invoker","members":["allUsers"]}],"etag":"","version":3},"updateMask":"bindings,etag,version"}
[debug] [2026-07-24T22:52:01.083Z] <<< [apiv2][status] POST https://run.googleapis.com/v1/projects/cobertores-web/locations/us-central1/services/triggernewsfetch:setIamPolicy 400
[debug] [2026-07-24T22:52:01.083Z] <<< [apiv2][body] POST https://run.googleapis.com/v1/projects/cobertores-web/locations/us-central1/services/triggernewsfetch:setIamPolicy {"error":{"code":400,"message":"One or more users named in the policy do not belong to a permitted customer,  perhaps due to an organization policy.","status":"FAILED_PRECONDITION"}}
[error] Failed to set the IAM Policy on the Service projects/cobertores-web/locations/us-central1/services/triggernewsfetch
[debug] [2026-07-24T22:52:01.537Z] <<< [apiv2][status] PATCH https://cloudscheduler.googleapis.com/v1/projects/cobertores-web/locations/us-central1/jobs/firebase-schedule-fetchNewsPeriodically-us-central1 200
[debug] [2026-07-24T22:52:01.537Z] <<< [apiv2][body] PATCH https://cloudscheduler.googleapis.com/v1/projects/cobertores-web/locations/us-central1/jobs/firebase-schedule-fetchNewsPeriodically-us-central1 {"name":"projects/cobertores-web/locations/us-central1/jobs/firebase-schedule-fetchNewsPeriodically-us-central1","httpTarget":{"uri":"https://fetchnewsperiodically-ushzvpam6a-uc.a.run.app/","httpMethod":"POST","headers":{"User-Agent":"Google-Cloud-Scheduler"},"oidcToken":{"serviceAccountEmail":"406682059694-compute@developer.gserviceaccount.com","audience":"https://fetchnewsperiodically-ushzvpam6a-uc.a.run.app/"}},"userUpdateTime":"2026-07-24T22:52:01.098317Z","state":"ENABLED","status":{"code":-1},"scheduleTime":"2026-07-25T04:52:00Z","schedule":"every 6 hours","timeZone":"America/Mexico_City","attemptDeadline":"180s"}
[debug] [2026-07-24T22:52:01.537Z] updated scheduler job firebase-schedule-fetchNewsPeriodically-us-central1
[info] +  functions[fetchNewsPeriodically(us-central1)] Successful update operation. 
[warn] !  functions: Deploys failed. Skipping deletes. 
[debug] [2026-07-24T22:52:01.559Z] Total Function Deployment time: 70056
[debug] [2026-07-24T22:52:01.559Z] 2 Functions Deployed
[debug] [2026-07-24T22:52:01.559Z] 1 Functions Errored
[debug] [2026-07-24T22:52:01.559Z] 0 Function Deployments Aborted
[debug] [2026-07-24T22:52:01.559Z] Average Function Deployment time: 69825.5
[info] 
[info] Functions deploy had errors with the following functions:
	triggerNewsFetch(us-central1)
[info] 
[info] Unable to set the invoker for the IAM policy on the following functions:
	triggerNewsFetch(us-central1)
[info] 
[info] Some common causes of this:
[info] 
[info] - You may not have the roles/functions.admin IAM role. Note that roles/functions.developer does not allow you to change IAM policies.
[info] 
[info] - An organization policy that restricts Network Access on your project.
[debug] [2026-07-24T22:52:01.828Z] Checked if tokens are valid: true, expires at: 1784935964198
[debug] [2026-07-24T22:52:01.828Z] Checked if tokens are valid: true, expires at: 1784935964198
[debug] [2026-07-24T22:52:01.828Z] >>> [apiv2][query] GET https://artifactregistry.googleapis.com/v1/projects/cobertores-web/locations/us-central1/repositories/gcf-artifacts [none]
[debug] [2026-07-24T22:52:02.295Z] <<< [apiv2][status] GET https://artifactregistry.googleapis.com/v1/projects/cobertores-web/locations/us-central1/repositories/gcf-artifacts 200
[debug] [2026-07-24T22:52:02.295Z] <<< [apiv2][body] GET https://artifactregistry.googleapis.com/v1/projects/cobertores-web/locations/us-central1/repositories/gcf-artifacts {"name":"projects/cobertores-web/locations/us-central1/repositories/gcf-artifacts","format":"DOCKER","description":"This repository is created and used by Cloud Functions for storing function docker images.","labels":{"goog-managed-by":"cloudfunctions"},"createTime":"2026-07-23T17:38:54.838265Z","updateTime":"2026-07-24T22:51:34.278158Z","mode":"STANDARD_REPOSITORY","cleanupPolicies":{"firebase-functions-cleanup":{"id":"firebase-functions-cleanup","action":"DELETE","condition":{"tagState":"ANY","olderThan":"25920000s"}}},"sizeBytes":"182587967","vulnerabilityScanningConfig":{"lastEnableTime":"2026-07-23T17:38:46.006987017Z","enablementState":"SCANNING_DISABLED","enablementStateReason":"API containerscanning.googleapis.com is not enabled."},"satisfiesPzi":true,"registryUri":"us-central1-docker.pkg.dev/cobertores-web/gcf-artifacts"}
[debug] [2026-07-24T22:52:02.296Z] Functions deploy failed.
[debug] [2026-07-24T22:52:02.296Z] {
  "endpoint": {
    "id": "triggerNewsFetch",
    "project": "cobertores-web",
    "region": "us-central1",
    "entryPoint": "triggerNewsFetch",
    "platform": "gcfv2",
    "runtime": "nodejs22",
    "callableTrigger": {},
    "labels": {
      "deployment-tool": "cli-firebase"
    },
    "serviceAccount": null,
    "ingressSettings": null,
    "availableMemoryMb": null,
    "timeoutSeconds": null,
    "maxInstances": null,
    "minInstances": null,
    "concurrency": 80,
    "vpc": null,
    "environmentVariables": {
      "FIREBASE_CONFIG": "{\"projectId\":\"cobertores-web\",\"storageBucket\":\"cobertores-web.firebasestorage.app\"}",
      "GCLOUD_PROJECT": "cobertores-web",
      "EVENTARC_CLOUD_EVENT_SOURCE": "projects/cobertores-web/locations/us-central1/services/triggerNewsFetch"
    },
    "codebase": "default",
    "cpu": 1,
    "targetedByOnly": false,
    "hash": "c6ed3d0d7bfef0d430f1201215cb6bc8c060b823",
    "uri": "https://us-central1-cobertores-web.cloudfunctions.net/triggerNewsFetch",
    "runServiceId": "triggernewsfetch"
  },
  "op": "set invoker",
  "original": {
    "name": "FirebaseError",
    "children": [],
    "exit": 1,
    "message": "Failed to set the IAM Policy on the Service projects/cobertores-web/locations/us-central1/services/triggernewsfetch",
    "original": {
      "name": "FirebaseError",
      "children": [],
      "context": {
        "body": {
          "error": {
            "code": 400,
            "message": "One or more users named in the policy do not belong to a permitted customer,  perhaps due to an organization policy.",
            "status": "FAILED_PRECONDITION"
          }
        },
        "response": {
          "statusCode": 400
        }
      },
      "exit": 1,
      "message": "Request to https://run.googleapis.com/v1/projects/cobertores-web/locations/us-central1/services/triggernewsfetch:setIamPolicy had HTTP Error: 400, One or more users named in the policy do not belong to a permitted customer,  perhaps due to an organization policy.",
      "status": 400
    },
    "status": 400,
    "code": 400
  }
}
[debug] [2026-07-24T22:52:02.414Z] Error: Failed to set invoker function triggerNewsFetch in region us-central1
    at C:\Users\pacoi\AppData\Roaming\npm\node_modules\firebase-tools\lib\deploy\functions\release\fabricator.js:54:11
    at process.processTicksAndRejections (node:internal/process/task_queues:103:5)
    at async Fabricator.createV2Function (C:\Users\pacoi\AppData\Roaming\npm\node_modules\firebase-tools\lib\deploy\functions\release\fabricator.js:362:13)
    at async Fabricator.createEndpoint (C:\Users\pacoi\AppData\Roaming\npm\node_modules\firebase-tools\lib\deploy\functions\release\fabricator.js:153:13)
    at async Fabricator.wrapOperation (C:\Users\pacoi\AppData\Roaming\npm\node_modules\firebase-tools\lib\deploy\functions\release\fabricator.js:138:13)
    at async Promise.all (index 0)
    at async Promise.allSettled (index 0)
    at async Fabricator.applyPlan (C:\Users\pacoi\AppData\Roaming\npm\node_modules\firebase-tools\lib\deploy\functions\release\fabricator.js:77:45)
    at async release (C:\Users\pacoi\AppData\Roaming\npm\node_modules\firebase-tools\lib\deploy\functions\release\index.js:87:21)
    at async chain (C:\Users\pacoi\AppData\Roaming\npm\node_modules\firebase-tools\lib\deploy\index.js:45:9)
[error] 
[error] Error: There was an error deploying functions
